,amount virgin,amount recyclate high,amount recyclate low,amount reused parts,amount standard parts,cars in garage,amount leakage,price virgin,price recyclate
0,3174.7405372210947,189.2594627789106,0.0,282,3718,159,0.0,3.9779357872529437,2.300681917157612
1,3495.6696832544135,204.330316745595,0.0,281,3419,0,0.0,4.620242816585157,2.559963538515203
2,3538.9725419234187,205.02745807658889,0.0,262,3554,18,0.0,5.214077271599991,2.5964030473093596
3,3410.1215967018434,197.8784032981626,0.0,300,3432,31,0.0,5.594905568482083,2.574387211641712
4,3484.4910259089384,187.50897409106636,0.0,304,3452,21,0.0,6.071583910825968,2.362830507790634
5,3424.034866090123,179.96513390988247,0.0,314,3398,27,0.0,7.580473653444639,2.7198813998143674
6,3535.3655130056245,168.6344869943849,0.0,302,3402,0,0.0,8.504889362692692,2.544183255153408
7,3517.4454670815444,150.554532918464,0.0,327,3341,0,0.0,8.864527012611502,2.5852590733889276
8,3521.2119282351664,146.78807176483988,0.0,334,3374,10,0.0,9.906457689915335,2.3860740030616894
9,3419.497557448622,128.50244255138153,0.0,309,3451,53,0.0,7.627568227908746,2.421894966719165
10,3634.264923133311,117.73507686669316,0.0,303,3449,0,0.0,8.58004098203134,2.4410067787388097
11,3541.557516819855,102.44248318014753,0.0,317,3391,16,0.0,8.7185749893388,2.422597856988457
12,3595.57900745336,88.42099254664384,0.0,312,3428,14,0.0,11.332667319535611,2.593437904034336
13,3648.878257021973,75.12174297802939,0.0,291,3453,5,0.0,12.1683413539642,2.6638334525756786
14,3221.3526635558064,62.64733644419354,0.0,295,3533,136,0.0,13.03006539722638,2.3552212435615703
15,2655.550505613238,48.44949438675991,0.0,298,3466,265,0.0,13.104204410005101,2.7368196939035707
16,3772.4037414740133,47.59625852598701,0.0,291,3529,0,0.0,13.185525886373377,2.4826307656406907
17,3558.83253071469,41.16746928530975,0.0,326,3518,61,0.0,13.761606604960656,2.519482584551416
18,3559.8918695278817,36.1081304721172,0.0,323,3565,73,0.0,15.000969035455446,2.5129659668670787
19,3438.4558536147147,29.544146385282964,0.0,350,3466,87,0.0,16.817532026102914,2.461174355586624
20,3838.1269372337497,25.873062766246846,0.0,315,3549,0,0.0,21.289815295834114,2.1462290195447054
21,3842.4676958539426,21.532304146054692,0.0,297,3567,0,0.0,23.571189203027526,2.5702443778288284
22,3755.56902640166,16.43097359833807,0.0,274,3590,23,0.0,21.856201669235702,2.4628111179913885
23,3815.2608457118276,12.73915428817158,0.0,234,3594,0,0.0,27.389337145578022,2.649890518988273
24,3838.4916352744826,9.508364725517703,0.0,231,3617,0,0.0,31.596553686101796,2.543976836116754
25,3872.3759851035034,7.624014896497324,0.0,206,3674,0,0.0,40.03457510441576,2.5065905966310518
26,3698.218942081644,5.781057918356215,0.0,164,3652,28,0.0,39.972038325876504,2.4925882032109223
27,3783.896499251282,4.103500748718888,0.0,149,3683,11,0.0,32.654541296217715,2.2693193166342707
28,3784.904900803505,3.0950991964957786,0.0,153,3635,0,0.0,31.46125771041982,2.737384507070794
29,3813.7458768330575,2.254123166942982,0.0,148,3668,0,0.0,21.150404750135536,2.345171471487081
30,3766.242990964242,1.757009035758705,0.0,152,3680,16,0.0,24.671039176312576,2.66791390705599
31,3794.8711124439615,1.1288875560384772,0.0,149,3647,0,0.0,21.89941845924132,2.4473694021784063
32,3811.097784575364,0.9022154246360138,0.0,171,3641,0,0.0,20.697496452395704,2.2602845655927757
33,3695.436859577954,0.5631404220463065,0.0,201,3495,0,0.0,23.378949500816148,2.7222821035539573
34,3827.372821840808,0.6271781591925564,0.0,213,3615,0,0.0,27.49689054909672,2.4749807008822615
35,3843.481803935954,0.5181960640461133,0.0,223,3621,0,0.0,31.53630894820869,2.399593007434749
36,3799.5418378004933,0.4581621995067256,0.0,215,3585,0,0.0,39.64539714658515,2.4535979627958273
37,3855.604116665435,0.3958833345654349,0.0,199,3657,0,0.0,43.10626026159421,2.5354186939055676
38,3795.7740853205974,0.22591467940271243,0.0,208,3588,0,0.0,51.06798750355856,2.396292618285946
39,3787.83294318932,0.16705681068030828,0.0,203,3585,0,0.0,41.807474849539716,2.5792755686186597
40,3776.0,0.0,0.0,236,3540,0,0.0,43.08927983549932,2.691834263811354
41,3784.0,0.0,0.0,235,3549,0,0.0,46.270042430264134,2.696833063770204
42,3828.0,0.0,0.0,254,3574,0,0.0,49.4399040346354,2.6860848988108645
43,3812.0,0.0,0.0,266,3546,0,0.0,51.98892252483842,2.592653044013013
44,3848.0,0.0,0.0,250,3598,0,0.0,41.1948095082839,2.520192937279517
45,3840.0,0.0,0.0,236,3604,0,0.0,45.181685564535655,2.448909775545362
46,3848.0,0.0,0.0,246,3602,0,0.0,51.64192521010557,2.6135089615399494
47,3820.0,0.0,0.0,254,3566,0,0.0,53.31350454040007,2.3886469371058094
48,3820.0,0.0,0.0,242,3578,0,0.0,53.15304016931634,2.3114113498677344
49,3832.0,0.0,0.0,253,3579,0,0.0,51.23983728993954,2.4267973938363907
0,3042.5837088864027,181.41629111360004,0.0,279,3721,194,0.0,3.9837846159022487,2.406621560524947
1,3191.3690046933066,184.63099530669817,0.0,291,3397,78,0.0,4.076249303733988,2.2205533739272165
2,3573.345242667496,202.6547573325055,0.0,268,3508,0,0.0,3.8265577194814817,2.550658256667088
3,3478.293474109284,197.7065258907152,0.0,284,3516,31,0.0,4.185937410934433,2.481530333638646
4,3285.2278045963976,174.77219540360312,0.0,295,3465,75,0.0,4.421456517617311,2.4500319163287925
5,3560.548832896184,171.45116710381706,0.0,295,3437,0,0.0,5.702032818321115,2.60655520023216
6,3382.2277176540824,149.7722823459152,0.0,308,3432,52,0.0,7.353902048339381,2.593992122281064
7,3513.0012738835126,138.9987261164849,0.0,312,3444,26,0.0,9.405639742882556,2.3889123907324956
8,3577.7917092494654,126.20829075053247,0.0,309,3399,1,0.0,9.166601733552525,2.678481651199956
9,3410.69318700685,109.30681299314735,0.0,281,3463,56,0.0,10.67880319501811,2.458995736224308
10,3486.2389275916835,101.76107240831483,0.0,395,3313,30,0.0,10.322032299809665,2.7547211320302667
11,3578.701941924453,97.29805807554347,0.0,376,3300,0,0.0,12.991818923802606,2.6243605873366693
12,3578.365766982965,81.63423301703214,0.0,360,3368,17,0.0,15.639215574816072,2.181885808299503
13,3590.1015365687704,73.89846343122821,0.0,362,3386,21,0.0,17.32336426015991,2.6583133758113218
14,3707.7206051922594,64.27939480773702,0.0,352,3420,0,0.0,14.530220988911992,2.5451800751936906
15,3681.7588293330045,58.24117066699123,0.0,436,3356,13,0.0,16.52069716647743,2.359636607213891
16,3098.4114571050586,45.58854289494334,0.0,442,3362,165,0.0,21.67881033747237,2.3813354105199296
17,2545.2899600734313,42.71003992657218,0.0,442,3410,316,0.0,22.107742216635412,2.5177418173308928
18,2721.8686098682883,38.13139013171106,0.0,431,3437,277,0.0,27.26215551664832,2.6649314383639133
19,3846.5098799651337,41.49012003486582,0.0,371,3517,0,0.0,27.702984912287377,2.5678718642826
20,3837.9802195387515,38.019780461248594,0.0,361,3547,8,0.0,28.489598009989503,2.395347689887002
21,3531.7931324558754,32.206867544123945,0.0,338,3558,83,0.0,27.823785905720058,2.4806954208693757
22,3877.3521439467686,30.647856053231603,0.0,298,3610,0,0.0,29.094394927937817,2.5673791863452493
23,3813.1761239104053,26.823876089594442,0.0,271,3569,0,0.0,34.49430953206513,2.5268195137056155
24,3876.7446930432725,23.255306956726937,0.0,251,3649,0,0.0,33.173755145208844,2.7497815554637355
25,3835.7239773384586,20.27602266154126,0.0,236,3620,0,0.0,24.553303128102783,2.603396552323953
26,3821.855133852879,18.144866147121853,0.0,207,3633,0,0.0,26.868215415957668,2.149381995861777
27,3820.237185011163,15.762814988838226,0.0,205,3631,0,0.0,25.526063454411297,2.6141549840023046
28,3768.1526387278695,11.847361272132023,0.0,194,3586,0,0.0,32.19624626913878,2.966006730845362
29,3794.6657947260665,9.33420527393499,0.0,181,3623,0,0.0,32.206897206220845,2.6064875085278585
30,3797.1882295917017,6.811770408298418,0.0,191,3613,0,0.0,34.588127238597885,2.3784477903620314
31,3758.735040196773,5.264959803227248,0.0,198,3566,0,0.0,35.13214229041655,2.496290850327516
32,3795.3887168071205,4.611283192879605,0.0,208,3592,0,0.0,38.217381339296075,2.445261211558905
33,3712.2326129618564,3.767387038142898,0.0,219,3497,0,0.0,37.82499180091703,2.596571370881741
34,3749.430551386652,2.5694486133482517,0.0,219,3533,0,0.0,39.09406128863926,2.403642586995983
35,3761.9592025651136,2.0407974348868123,0.0,239,3525,0,0.0,43.3675834293522,2.3298055839444087
36,3786.3515613157,1.6484386843004117,0.0,244,3544,0,0.0,59.93309681074272,2.4615791871373225
37,3830.462521935691,1.5374780643096841,0.0,255,3577,0,0.0,59.62165235158155,2.5936375839706645
38,3810.632848546818,1.3671514531819624,0.0,264,3548,0,0.0,56.86770109210039,2.7112832605575896
39,3794.9127702514406,1.0872297485592304,0.0,261,3535,0,0.0,63.41173245806149,2.4433920527685142
40,3843.2087241108316,0.7912758891685954,0.0,258,3586,0,0.0,61.25449962661849,2.538511226221181
41,3871.3745558574374,0.6254441425628069,0.0,273,3599,0,0.0,53.69063614267605,2.71378193116169
42,3795.4364579681555,0.5635420318447004,0.0,281,3515,0,0.0,59.515748865480646,2.5327266206729977
43,3823.8285957806274,0.17140421937270828,0.0,269,3555,0,0.0,74.87995989383985,2.4571116398857535
44,3819.8285957806274,0.17140421937270828,0.0,258,3562,0,0.0,84.23122189835652,2.5930925942544523
45,3831.8860803640573,0.11391963594256145,0.0,246,3586,0,0.0,100.59786126038814,2.3829659454894325
46,3863.8860803640573,0.11391963594256145,0.0,237,3627,0,0.0,104.6646602404147,2.7506103649020037
47,3803.9475215731227,0.052478426877209376,0.0,218,3586,0,0.0,116.21756036457629,2.4607154366224075
48,3839.9475215731227,0.052478426877209376,0.0,199,3641,0,0.0,122.98785703225269,2.655154030854958
49,3783.9475215731227,0.052478426877209376,0.0,203,3581,0,0.0,135.75592640170564,2.4105965898774984
0,3144.653094955181,187.34690504480946,0.0,254,3746,167,0.0,3.673017010377514,2.4615783369027335
1,3453.9446736949008,202.0553263050878,0.0,254,3402,0,0.0,4.323351317670286,2.541366641324307
2,3555.8065121970412,204.1934878029448,0.0,229,3531,0,0.0,5.0042108847146585,2.3068735605983455
3,3376.7444766046233,191.2555233953665,0.0,210,3550,48,0.0,7.2595990948228994,2.476040878765028
4,3390.3783752841377,185.6216247158527,0.0,249,3515,47,0.0,9.215336833106484,2.4501943712261522
5,3489.913801505865,174.08619849412597,0.0,274,3450,15,0.0,11.157442808669886,2.593207676525277
6,3604.893743348884,163.10625665110717,0.0,301,3467,0,0.0,11.921742625300332,2.590249572943357
7,3453.210780860933,142.78921913906183,0.0,327,3353,21,0.0,12.67412878316692,2.5077487219349557
8,3334.1749380915167,125.82506190848257,0.0,367,3365,68,0.0,14.405021439513135,2.2789838678062635
9,3544.3532431251183,115.64675687487879,0.0,387,3345,18,0.0,16.593613755776495,2.6498611817389834
10,3651.4874881883675,104.5125118116307,0.0,380,3376,0,0.0,17.189517746398195,2.905140398474051
11,3552.194082103077,103.80591789692234,0.0,382,3370,24,0.0,18.08647689210443,2.43410840234286
12,3470.4199815729075,89.58001842708934,0.0,335,3305,20,0.0,21.18997263483612,2.3655422868528166
13,3698.587396772338,77.41260322766088,0.0,302,3494,5,0.0,22.12365421984758,2.3430364545784697
14,3114.428897893385,61.571102106613694,0.0,299,3485,152,0.0,26.32307464378177,2.7110833026403376
15,3649.727733835983,58.27226616401471,0.0,347,3453,23,0.0,25.92923910792453,2.710460804086242
16,3754.387023120755,49.61297687924546,0.0,316,3488,0,0.0,26.11413460839675,2.3655656926382074
17,3678.675930855035,41.32406914496727,0.0,290,3554,31,0.0,27.057931883285743,2.450296898848766
18,3012.749677968447,31.250322031550994,0.0,293,3551,200,0.0,27.890307335730586,2.6258469547938046
19,3089.0535306978027,26.946469302195858,0.0,267,3629,195,0.0,31.376901679294804,2.470868028946626
20,3840.416514623276,27.583485376724298,0.0,240,3628,0,0.0,25.303166200080653,2.493907530908424
21,3910.851787756126,25.14821224387298,0.0,227,3709,0,0.0,26.498314056888276,2.5814391632100326
22,3783.597282786447,20.402717213552602,0.0,228,3652,19,0.0,31.022237379342908,2.518733253780872
23,3847.3728274061673,16.62717259383175,0.0,207,3657,0,0.0,34.339506341082604,2.510591607759861
24,3826.9414516566217,13.058548343376875,0.0,180,3668,2,0.0,37.17726207028523,2.4825417258152855
25,3802.000594506688,9.99940549331087,0.0,160,3652,0,0.0,40.3150064071799,2.454145082065475
26,3772.7413876443475,7.2586123556515885,0.0,155,3653,7,0.0,40.36200342103438,2.301280036425301
27,3806.3480826920654,5.651917307933609,0.0,160,3652,0,0.0,51.21106392378644,2.6091873320755754
28,3831.6109548881723,4.389045111827157,0.0,168,3668,0,0.0,50.926131994411755,2.429039487722952
29,3764.4698709894415,3.530129010558041,0.0,182,3586,0,0.0,51.40568301678922,2.6416358838558125
30,3765.646750823678,2.3532491763223486,0.0,197,3571,0,0.0,59.30065658948532,2.5961459852975937
31,3805.9703348682237,2.029665131776222,0.0,221,3587,0,0.0,66.14919445076767,2.4050666437239148
32,3798.462127492564,1.5378725074366406,0.0,248,3552,0,0.0,86.22644748412215,2.3935827153910925
33,3750.810358821884,1.189641178115753,0.0,258,3494,0,0.0,81.01372182222013,2.439740474196066
34,3807.094131459497,0.9058685405029274,0.0,251,3557,0,0.0,81.41199716799173,2.5263826665677525
35,3807.209147877289,0.7908521227108823,0.0,255,3553,0,0.0,84.29350400326094,2.3488046856159155
36,3775.3151168947584,0.6848831052415415,0.0,259,3517,0,0.0,88.29293595880169,2.661931020978031
37,3779.4273965070947,0.5726034929052422,0.0,249,3531,0,0.0,75.13896166534148,2.799083589010086
38,3831.597261216486,0.4027387835141755,0.0,249,3583,0,0.0,87.59542619821343,2.552575828653375
39,3811.7645870740093,0.2354129259906585,0.0,247,3569,1,0.0,98.3976476293194,2.3665412459138357
40,3863.7645870740093,0.2354129259906585,0.0,236,3628,0,0.0,112.89991220154945,2.3138773913167157
41,3835.825212952806,0.17478704719402116,0.0,245,3591,0,0.0,116.6382754290695,2.628562032051935
42,3779.87824560865,0.12175439135001576,0.0,233,3575,7,0.0,99.92331203803813,2.389487913400515
43,3823.9382474420827,0.06175255791730784,0.0,217,3607,0,0.0,87.71605323953959,2.3839443961145346
44,3848.0,0.0,0.0,209,3639,0,0.0,79.87650348219722,2.6185470248669156
45,3864.0,0.0,0.0,230,3642,2,0.0,74.45074496298885,2.47808438429976
46,3856.0,0.0,0.0,219,3637,0,0.0,63.784812845184966,2.5660353232474558
47,3808.0,0.0,0.0,212,3596,0,0.0,63.31731649846921,2.674882046068159
48,3848.0,0.0,0.0,208,3640,0,0.0,74.07600725388397,2.5032508306326466
49,3816.0,0.0,0.0,201,3615,0,0.0,83.58923953052283,2.567941731380536
0,3020.496528676043,179.50347132395905,0.0,278,3722,200,0.0,3.6625415907045316,2.3117037146848163
1,3422.5020095380582,197.49799046194693,0.0,281,3367,7,0.0,3.971761982599217,2.2626642522095173
2,3576.5135933681295,203.48640663187328,0.0,263,3517,0,0.0,4.2207441513126325,2.423329913355898
3,3507.3017070591172,192.69829294088598,0.0,304,3436,10,0.0,5.541477378492526,2.6939746061642613
4,3389.994922774603,182.0050772253971,0.0,333,3419,45,0.0,6.652421596829837,2.5341894206514555
5,3531.5205078029953,184.479492197005,0.0,339,3377,0,0.0,8.961508732810232,2.656467663641151
6,3540.8245184468087,167.17548155319426,0.0,347,3361,0,0.0,8.932150104704467,2.6217403630769205
7,3499.9627033124298,148.03729668757487,0.0,346,3346,11,0.0,9.357591512952757,2.747065408124566
8,3150.6215062647802,121.37849373522211,0.0,345,3367,110,0.0,10.696089344412998,2.3526243680484527
9,3644.8737487132626,119.12625128673733,0.0,357,3407,0,0.0,12.829548222366137,2.4458273667890422
10,3645.7725135318074,106.22748646819319,0.0,365,3387,0,0.0,12.275086014579513,2.4757126824838327
11,3586.9138491937792,89.08615080622062,0.0,330,3390,11,0.0,10.846550180195628,2.4974004863450276
12,3631.613283539435,76.38671646056389,0.0,317,3411,5,0.0,10.083183770711614,2.6068083886478934
13,3672.5908352590586,63.40916474093955,0.0,310,3426,0,0.0,12.966201481615613,2.5158428572409113
14,3609.2518984197714,62.74810158022883,0.0,272,3476,19,0.0,15.409472860130881,2.752839406231696
15,3756.5658583171207,55.43414168287882,0.0,283,3537,2,0.0,17.4837097464382,2.560666791311617
16,3783.2903292870933,48.709670712906664,0.0,299,3533,0,0.0,18.987649003462142,2.4197792053699043
17,3723.3907284494994,40.609271550500246,0.0,290,3554,20,0.0,16.247233716527543,2.3743711158402006
18,3761.129468643438,34.870531356563625,0.0,278,3562,11,0.0,15.794930957790035,2.4405931139379167
19,3832.9540086316047,31.045991368395484,0.0,270,3606,3,0.0,14.001506258509293,2.383791033351658
20,3851.995159966506,28.00484003349401,0.0,269,3619,2,0.0,17.630116954457726,2.504039103381693
21,3858.5773828851834,25.422617114817452,0.0,266,3626,2,0.0,20.279027748653032,2.526593986177824
22,3856.74863468678,23.251365313220063,0.0,241,3639,0,0.0,24.36960783094553,2.3644027125501887
23,3851.4228866735293,20.577113326471853,0.0,226,3646,0,0.0,31.412317090252134,2.4980348244632093
24,3797.3530292793307,18.646970720670883,0.0,224,3592,0,0.0,36.29939765101295,2.391227645819143
25,3781.142191727621,14.857808272381227,0.0,215,3581,0,0.0,33.77551428743235,2.6745474285713042
26,3744.739742360851,11.260257639150545,0.0,226,3530,0,0.0,36.10453343017854,2.5704281684116475
27,3771.3247627637566,8.675237236245096,0.0,239,3541,0,0.0,38.163914739089726,2.6356259432407314
28,3769.197154706642,6.802845293359345,0.0,248,3528,0,0.0,41.15821911015619,2.70964702429755
29,3786.5854339567013,5.414566043299139,0.0,273,3519,0,0.0,40.59755804063895,2.3599962955852867
30,3791.988642722226,4.011357277774309,0.0,263,3533,0,0.0,36.36646906834218,2.536268019474241
31,3768.724986703578,3.2750132964223146,0.0,267,3505,0,0.0,34.89580645226985,2.3833579960930753
32,3797.4679981021463,2.532001897853854,0.0,285,3531,4,0.0,41.06574028766165,2.5265044115897757
33,3790.040543902717,1.9594560972830117,0.0,290,3502,0,0.0,50.25469817116693,2.413548185364318
34,3802.3671282595183,1.6328717404818343,0.0,290,3514,0,0.0,51.682344951893135,2.5328526814048615
35,3810.476012719277,1.5239872807231554,0.0,304,3508,0,0.0,36.293859623998074,2.3875130422919546
36,3818.866912079332,1.1330879206680524,0.0,277,3559,4,0.0,32.73478408353961,2.6750126067731976
37,3283.0415645495964,0.9584354504035626,0.0,267,3557,135,0.0,38.70792377546176,2.7047914242417077
38,3799.381032362281,0.6189676377190184,0.0,245,3555,0,0.0,46.08717393828399,2.4676275255684206
39,3807.6100956023674,0.38990439763226636,0.0,237,3571,0,0.0,49.75018515565778,2.52756952768184
40,3747.7314554297263,0.2685445702736253,0.0,233,3615,25,0.0,43.72411995320213,2.546567085176461
41,3647.7314554297263,0.2685445702736253,0.0,223,3653,57,0.0,51.625846018488154,2.0572139769073594
42,3671.782999792992,0.21700020700776906,0.0,196,3644,42,0.0,53.38388241054585,2.5144491858424423
43,3819.9471987332367,0.05280126676332559,0.0,190,3630,0,0.0,54.08395275230897,2.5849472178290993
44,3864.0,0.0,0.0,200,3664,0,0.0,54.21951271146105,2.5696580839396255
45,3276.0,0.0,0.0,199,3593,129,0.0,69.91198436576575,2.7134310557220322
46,3112.0,0.0,0.0,187,3597,168,0.0,86.20061422647478,2.63319796016746
47,2756.0,0.0,0.0,186,3630,265,0.0,96.83791434832824,2.4080995374281353
48,2196.0,0.0,0.0,217,3619,410,0.0,92.45375952023544,2.4503823312046595
49,2912.0,0.0,0.0,206,3654,237,0.0,63.2261964016458,2.4987231487005643
0,3016.234296657889,179.76570334212155,0.0,292,3708,201,0.0,3.468409849768154,2.338941615736509
1,3467.2292455928023,200.77075440720856,0.0,295,3441,17,0.0,3.4323577203494366,2.6772578224229537
2,3238.0583767709068,185.94162322909992,0.0,272,3444,73,0.0,3.7526398686110753,2.281878309886595
3,3282.5771445470264,189.42285545298182,0.0,318,3462,77,0.0,4.820983914545699,2.5504202545601515
4,3112.76880718421,167.2311928157982,0.0,328,3428,119,0.0,5.0263766228408056,2.3691016073314453
5,3522.5449371018094,181.45506289819835,0.0,343,3401,10,0.0,5.454204979385597,2.37585481722153
6,3573.01088800153,166.9891119984767,0.0,341,3399,0,0.0,6.094407306984162,2.4997952466516873
7,3514.783991212676,157.21600878733045,0.0,353,3391,18,0.0,6.97071963665917,2.6492121217075146
8,3470.702462519579,141.2975374804248,0.0,339,3341,17,0.0,9.121979996864685,2.427759646760281
9,3476.207385737976,123.79261426202646,0.0,319,3409,32,0.0,8.887344899668287,2.4505198783145623
10,3629.5427743323,114.45722566769975,0.0,367,3377,0,0.0,9.80447991181857,2.563714584696618
11,3587.1016636354743,100.89833636452671,0.0,352,3436,25,0.0,10.31576846684174,2.478806305544075
12,3305.938206838053,82.0617931619491,0.0,341,3343,74,0.0,12.696205911252216,2.3360305106591603
13,3625.5128315441143,70.48716845588481,0.0,353,3343,0,0.0,11.707689686693469,2.673557538366696
14,3725.175944106831,58.82405589316986,0.0,325,3471,3,0.0,14.025987732085689,2.4238698167896295
15,3150.650155003858,45.349844996146224,0.0,354,3434,148,0.0,19.53130556544563,2.4751655615412913
16,3733.110785499315,38.88921450068721,0.0,324,3448,0,0.0,24.834410526912233,2.5385671464038175
17,3583.489290452482,32.510709547518346,0.0,339,3501,56,0.0,21.2177547518573,2.3838899698068836
18,3828.9178866211187,39.08211337888158,0.0,378,3514,6,0.0,20.90892161554612,2.4688310390020387
19,3766.48435763937,33.515642360630224,0.0,347,3545,23,0.0,21.215423555762705,2.3868708960379124
20,3706.986122511728,29.01387748827209,0.0,338,3546,37,0.0,20.967950875919282,2.3837037570177397
21,3845.6321613636605,30.36783863633872,0.0,307,3569,0,0.0,23.51286040958566,2.4595595239511385
22,3868.5125667932066,27.4874332067941,0.0,293,3603,0,0.0,26.666175459079454,2.505930561382511
23,3851.3526564112503,24.647343588751436,0.0,284,3592,0,0.0,23.851459299836463,2.283865621491236
24,3578.037726596625,21.962273403374528,0.0,269,3591,65,0.0,30.586372136788054,2.4537441975877625
25,3580.7659084590314,19.234091540968862,0.0,222,3590,53,0.0,33.40521256480776,2.4125669526839464
26,3822.5627697077393,17.437230292261617,0.0,186,3654,0,0.0,30.202816065651877,2.4798828064453766
27,3393.316314703939,14.683685296062146,0.0,185,3595,93,0.0,31.269868978349155,2.3114513569736754
28,3846.15117835227,13.848821647732176,0.0,172,3688,0,0.0,33.80741179836175,2.7618627966456435
29,3808.4269773707606,11.57302262924147,0.0,181,3639,0,0.0,35.62993662522758,2.467939403885711
30,3802.084202900391,9.915797099610332,0.0,160,3680,7,0.0,34.92075805072374,2.25274965800324
31,3719.731052380679,8.268947619321285,0.0,156,3572,0,0.0,34.043980351374266,2.4977576603454406
32,3710.5294906963945,5.470509303605475,0.0,150,3566,0,0.0,37.045007214057044,2.544596566840222
33,3260.0124458492546,3.987554150745453,0.0,179,3609,131,0.0,41.94828244120108,2.44802962573024
34,3440.85362029931,3.1463797006896326,0.0,230,3526,78,0.0,44.44887507434388,2.448592750037379
35,3149.8487878771625,2.151212122837279,0.0,215,3597,165,0.0,52.663550809731994,2.449104365216132
36,3354.6064002782605,1.393599721739279,0.0,269,3587,125,0.0,67.0644035920506,2.519378756771796
37,3806.992266274408,1.0077337255917436,0.0,259,3549,0,0.0,70.28736848281547,2.7106251803321575
38,3551.280811752833,0.7191882471667917,0.0,260,3588,74,0.0,64.25544029781234,2.597351778669834
39,3763.5606210913934,0.43937890860650164,0.0,261,3599,24,0.0,77.15614810522298,2.507747953710396
40,3831.5571231237996,0.4428768762001875,0.0,276,3556,0,0.0,86.00283122327967,2.7292077852257104
41,3831.5571231237996,0.4428768762001875,0.0,270,3562,0,0.0,95.41037165196475,2.536332094479129
42,3759.616062177332,0.38393782266815185,0.0,276,3532,12,0.0,85.71681371274208,2.54443724799036
43,3843.777438943576,0.22256105642400587,0.0,265,3579,0,0.0,120.55647907825431,2.319712675652628
44,3827.887742643212,0.1122573567878503,0.0,246,3582,0,0.0,123.36763724183469,2.663579694230104
45,3823.949658911115,0.05034108888519698,0.0,228,3596,0,0.0,110.65779431306578,2.517346810744728
46,3787.949658911115,0.05034108888519698,0.0,215,3573,0,0.0,93.22030396423439,2.402224702806601
47,3836.0,0.0,0.0,204,3632,0,0.0,99.36041611272911,2.5325066975760238
48,3844.0,0.0,0.0,238,3606,0,0.0,119.49950193401538,2.640101913094752
49,3820.0,0.0,0.0,242,3578,0,0.0,126.53070967186302,2.477650233557715
0,3185.8367280369416,190.16327196305562,0.0,294,3706,156,0.0,3.3273782903813522,2.4869068722118532
1,3057.567225999948,182.43277400005113,0.0,295,3409,116,0.0,4.000568410008001,2.495678954512173
2,2874.4563589962618,165.54364100373107,0.0,278,3478,179,0.0,5.701240031681344,2.7200761365154813
3,3550.7306850819973,193.26931491799454,0.0,283,3549,22,0.0,6.515627568230035,2.502903428907995
4,3620.7742292738585,195.22577072613646,0.0,308,3508,0,0.0,8.016099893374594,2.7579844569015255
5,3452.815977298882,179.18402270111565,0.0,300,3452,30,0.0,10.009285307305626,2.394616694910427
6,3435.7924113110835,160.20758868891548,0.0,302,3434,35,0.0,10.70628512153082,2.406051553810208
7,3585.9790484777413,150.0209515222574,0.0,308,3428,0,0.0,11.124261123399345,2.5536475870058077
8,3570.8613052131072,133.13869478689116,0.0,307,3397,0,0.0,12.859942511996872,2.6563433657142608
9,3509.340241391543,114.6597586084532,0.0,282,3410,17,0.0,15.49431720674268,2.6982511073064996
10,3636.6422209813086,103.35777901868747,0.0,325,3451,9,0.0,16.620876095768843,2.5826377189638805
11,3621.935232205311,90.06476779468375,0.0,318,3406,3,0.0,19.924992971750253,2.6450723541445704
12,3644.928248457301,75.07175154269711,0.0,306,3414,0,0.0,17.294231378955477,2.580868199971684
13,3500.0004708444985,59.999529155497996,0.0,336,3356,33,0.0,18.420907537793987,2.5034284877726116
14,3717.1457475441384,50.85425245585977,0.0,329,3439,0,0.0,18.70335050702212,2.3873978279670798
15,3708.0927982011203,43.9072017988783,0.0,367,3457,18,0.0,24.588505016255287,2.515316282414549
16,3755.7416230571794,36.258376942819496,0.0,376,3416,0,0.0,19.998254662545122,2.506134121100663
17,3804.9126025297555,31.087397470244778,0.0,367,3489,5,0.0,20.777838789672785,2.385066721602089
18,3840.872268334253,27.127731665747067,0.0,370,3498,0,0.0,20.928771413276074,2.522977135285548
19,3841.68259916922,22.317400830780507,0.0,342,3538,4,0.0,24.016749103419414,2.418297586626591
20,3789.2892453136556,18.710754686343986,0.0,327,3573,23,0.0,25.372774378066847,2.6123396588140775
21,3849.0223076883785,14.977692311620475,0.0,275,3589,0,0.0,27.744415711525676,2.464764323341025
22,3883.4795565333716,12.52044346662735,0.0,260,3636,0,0.0,30.100687373133933,2.335084503933733
23,3877.50212853597,10.497871464029071,0.0,235,3653,0,0.0,30.737420247198305,2.607631703837183
24,3839.414567116715,8.585432883283946,0.0,210,3638,0,0.0,26.838341696598008,2.414383322899587
25,3837.7358659500815,6.264134049918278,0.0,185,3659,0,0.0,24.822920525790625,2.3868342949848493
26,3807.1624960330596,4.837503966940056,0.0,174,3638,0,0.0,25.55744734478259,2.5579760202290416
27,3784.2358107119708,3.7641892880287062,0.0,168,3620,0,0.0,28.075672007306736,2.51254201624728
28,3801.3689323624244,2.6310676375753217,0.0,172,3632,0,0.0,33.786784181513646,2.3783490170904553
29,3773.909787240739,2.0902127592605133,0.0,204,3572,0,0.0,40.62149349620953,2.853271074562241
30,3782.303521068083,1.6964789319171802,0.0,215,3569,0,0.0,44.982743451088574,2.5134885555945505
31,3795.680000013805,4.319999986196488,0.0,225,3575,0,0.0,58.30700082851277,2.340424501597485
32,3736.1765103797375,3.8234896202639934,0.0,251,3489,0,0.0,62.09788796056235,2.676678019012682
33,3792.3358850489412,3.664114951060073,0.0,260,3536,0,0.0,71.27349227399775,2.700668824628244
34,3756.4994145680844,3.5005854319168765,0.0,271,3489,0,0.0,60.54312800744293,2.283784395652508
35,3836.449283366929,7.550716633071494,0.0,317,3527,0,0.0,59.08904547967496,2.241273789928379
36,3804.8867143351,7.113285664901139,0.0,325,3487,0,0.0,72.30035778603092,2.3840385788035148
37,3829.2966118273544,6.703388172646902,0.0,292,3544,0,0.0,69.32530284227654,2.668984209649004
38,3821.7341940082174,6.265805991783982,0.0,291,3537,0,0.0,83.87976858578334,2.6982009937819305
39,3795.8422353038977,8.157764696104156,0.0,264,3540,0,0.0,76.56622878771657,2.3903368251798547
40,3836.1922771493305,7.807722850671249,0.0,237,3607,0,0.0,76.80450130589179,2.676822890585088
41,3840.5936124275704,7.406387572431374,0.0,232,3616,0,0.0,87.12616237264513,2.3421590699191452
42,3809.4981479313633,6.501852068638675,0.0,229,3587,0,0.0,71.42008645229551,2.3839177252512513
43,3776.0860650935215,15.91393490648166,0.0,215,3577,0,0.0,61.04336679585361,2.3420801198163055
44,3812.574288641672,15.425711358331066,0.0,199,3629,0,0.0,62.47579576810083,2.5570569296541654
45,3833.2048998339424,14.795100166059903,0.0,223,3625,0,0.0,52.15634627103747,2.4974808941665034
46,3742.218180878366,13.781819121635527,0.0,208,3548,0,0.0,53.485896752437384,2.564372357435567
47,3831.067974510104,12.932025489897756,0.0,212,3632,0,0.0,61.66487945661178,2.2182896175831885
48,3767.950569615534,12.049430384467703,0.0,213,3567,0,0.0,62.88083782637572,2.543785134234925
49,3779.4538518976556,12.546148102346493,0.0,207,3585,0,0.0,73.04326048296751,2.6449321112484405
0,3042.8034218967555,181.19657810324347,0.0,268,3732,194,0.0,3.6557459575058306,2.4706114198852003
1,3225.8525913875446,186.14740861245437,0.0,267,3385,60,0.0,4.203545352019863,2.752964576375526
2,3527.3881918600637,200.611808139939,0.0,236,3492,0,0.0,4.622809926016458,2.429776537588359
3,3534.6987612530797,201.30123874692381,0.0,258,3498,5,0.0,5.145473346704821,2.38867917505089
4,3459.791241314731,192.20875868527094,0.0,304,3428,20,0.0,5.628614893569991,2.517048688816704
5,3231.8656063087888,180.1343936912158,0.0,312,3424,81,0.0,7.764847037399615,2.559608447975362
6,3514.517577982977,173.48242201703073,0.0,312,3376,0,0.0,8.604517408625371,2.3487729209369337
7,3573.3129274763255,158.68707252367926,0.0,345,3387,0,0.0,10.059881271459421,2.421273811187077
8,3547.4031210759385,144.5968789240676,0.0,363,3429,25,0.0,10.851352134912704,2.502589686497022
9,3324.5380873905947,123.46191260940974,0.0,333,3367,63,0.0,10.185764836925147,2.863455251530389
10,3614.542567652716,113.45743234728882,0.0,326,3402,0,0.0,10.49288355239588,2.2431937015357257
11,3616.2657552884907,99.73424471151235,0.0,335,3385,1,0.0,10.021609536243158,2.6246184036929283
12,3533.076431880871,82.92356811913255,0.0,308,3388,20,0.0,10.945316603037675,2.3472064447355043
13,3627.356266568651,80.64373343135333,0.0,357,3379,7,0.0,13.155330124223063,2.6078653969666803
14,3620.1546292369007,67.84537076310352,0.0,356,3416,21,0.0,16.100041669877687,2.61543579634181
15,3552.9077266369345,55.09227336306583,0.0,340,3436,42,0.0,16.988127060496634,2.362302052762177
16,3604.218823399664,47.78117660033809,0.0,338,3470,39,0.0,18.397714159591658,2.231155587689126
17,3764.434337779658,39.565662220342986,0.0,343,3461,0,0.0,20.112603366028814,2.5137964048144683
18,3784.6618736573737,31.3381263426281,0.0,328,3488,0,0.0,23.580159699942346,2.744994737989721
19,3678.636542645216,25.363457354786622,0.0,319,3553,42,0.0,24.352945057382556,2.3407981538993137
20,3751.652902794668,24.347097205334588,0.0,341,3567,33,0.0,21.760660804983416,2.348206725653641
21,3858.888109747596,21.11189025240578,0.0,309,3571,0,0.0,22.979143521439056,2.6107690175882086
22,3830.446659978899,17.55334002110327,0.0,272,3624,12,0.0,20.127174048729994,2.413136479480726
23,3908.531801198589,15.468198801413447,0.0,261,3663,0,0.0,19.97981944271753,2.413113920684056
24,3874.7216327122264,13.27836728777541,0.0,256,3632,0,0.0,18.247067916535013,2.2986788358224297
25,3828.5968842184448,11.403115781556599,0.0,222,3618,0,0.0,20.368802764977058,2.4926482092270086
26,3831.044838458381,8.955161541621598,0.0,184,3656,0,0.0,25.19734482936811,2.1948635745243403
27,3817.255639405782,6.744360594219489,0.0,159,3665,0,0.0,25.10046581088199,2.431243425417197
28,3810.843054404722,5.156945595279709,0.0,134,3682,0,0.0,30.651736574442804,2.338106289966669
29,3780.135568778341,3.8644312216587315,0.0,143,3641,0,0.0,32.13621356543282,2.6825252930099484
30,3729.115266488483,2.884733511516695,0.0,150,3582,0,0.0,27.857050691902675,2.4593704460449506
31,3782.2856576741633,1.7143423258362753,0.0,191,3593,0,0.0,35.798700720457994,2.4214624719719233
32,3782.7167641887954,1.2832358112044076,0.0,208,3576,0,0.0,34.88164228218634,2.5044983471199433
33,3755.1114853392182,0.888514660781653,0.0,217,3539,0,0.0,30.044665796230202,2.373139205597946
34,3771.282336362174,0.7176636378255457,0.0,222,3550,0,0.0,28.922080433242325,2.500607228289975
35,3803.5088513235355,0.4911486764646771,0.0,234,3570,0,0.0,27.940506202087658,2.327950850808203
36,3783.494256907451,0.5057430925490384,0.0,254,3538,2,0.0,33.81268819144129,2.4713913414292756
37,3803.6121825169594,0.38781748304074576,0.0,280,3524,0,0.0,32.16453784141186,2.6702383685343074
38,3719.6622479225744,0.33775207742582625,0.0,264,3540,21,0.0,41.260844877326385,2.250488083694721
39,3839.723360464207,0.2766395357929649,0.0,293,3547,0,0.0,48.119903249619796,2.330714756354773
40,3851.9379512733376,0.06204872666255931,0.0,264,3588,0,0.0,54.31851345792478,2.6195411069388856
41,3851.9379512733376,0.06204872666255931,0.0,273,3579,0,0.0,55.01386516795344,2.5753801488525907
42,3828.0,0.0,0.0,268,3560,0,0.0,55.75857911188509,2.2877564382431537
43,3796.0,0.0,0.0,286,3510,0,0.0,57.999143143558776,2.50718416813406
44,3828.0,0.0,0.0,259,3569,0,0.0,71.68349639091984,2.427952038696474
45,3832.0,0.0,0.0,250,3582,0,0.0,64.18924117671348,2.4423630199272965
46,3824.0,0.0,0.0,244,3580,0,0.0,68.54779129132031,2.4376035289509166
47,3828.0,0.0,0.0,246,3582,0,0.0,61.18870607517863,2.5209479405465256
48,3864.0,0.0,0.0,240,3624,0,0.0,44.82493795804847,2.3415064442975795
49,3792.0,0.0,0.0,238,3554,0,0.0,46.59750300374722,2.574333568736556
0,3023.790274446631,180.20972555337048,0.0,294,3706,199,0.0,3.623285738247494,2.3515429823043243
1,3410.8113283409493,197.18867165904993,0.0,288,3360,10,0.0,4.4001616881029415,2.5932495139452536
2,3582.8948630623404,205.1051369376579,0.0,262,3526,0,0.0,6.282039139142536,2.2730254201392857
3,3429.1226360490755,194.8773639509218,0.0,250,3526,38,0.0,6.939811285244173,2.2272489335715955
4,3475.1568287729647,192.84317122703237,0.0,329,3343,1,0.0,9.111125540173385,2.6589914325180644
5,3527.223083559436,176.7769164405647,0.0,360,3364,5,0.0,12.477395690065832,2.4515112742709113
6,3361.6010127235545,154.39898727644507,0.0,395,3269,37,0.0,14.360336805320088,2.394784855245563
7,3591.3376829950817,144.66231700492096,0.0,426,3310,0,0.0,13.782466763914572,2.3685716060311925
8,3568.0261288191527,131.97387118084868,0.0,447,3253,0,0.0,15.91536648246844,2.6334674907585685
9,3560.3436395252147,115.65636047479016,0.0,440,3284,12,0.0,17.305292575774065,2.4982386117001427
10,3585.939123633822,102.06087636618382,0.0,407,3377,24,0.0,18.34983452254825,2.661624179897555
11,3608.135369301977,87.86463069802211,0.0,396,3300,0,0.0,15.937221961495338,2.3454726507260224
12,3640.473069891394,75.52693010860462,0.0,392,3372,12,0.0,15.194525139538106,2.518448727928276
13,3591.112825493016,64.88717450698287,0.0,412,3368,31,0.0,16.05523338444502,2.5929874237013557
14,3510.2824003121004,53.71759968789697,0.0,405,3359,50,0.0,17.77946727766485,2.3221272600176603
15,3719.4132641382325,44.586735861768055,0.0,393,3371,0,0.0,21.825812323183282,2.6916179109991467
16,3631.0029774019777,44.99702259802144,0.0,390,3414,32,0.0,23.241819085504755,2.3578802574355255
17,3808.5823948502293,47.41760514976942,0.0,366,3490,0,0.0,21.183177491820544,2.337031532789691
18,3811.1989433891645,44.80105661083624,0.0,359,3501,1,0.0,22.984782363602154,2.582124022563039
19,3828.6074814432563,39.392518556745166,0.0,335,3545,3,0.0,19.928363905303648,2.597551973615234
20,3766.5565310991806,33.44346890081977,0.0,297,3583,20,0.0,19.29623837899118,2.6467167069244417
21,3868.8313955805593,31.1686044194406,0.0,285,3615,0,0.0,19.536902466139832,2.5760228709476407
22,3852.0894376588058,27.91056234119307,0.0,259,3621,0,0.0,23.0282219204083,2.423160741804579
23,3815.6967452745953,24.303254725404063,0.0,228,3612,0,0.0,23.72440490541203,2.5931334886534607
24,3811.8869700766927,24.113029923306815,0.0,197,3639,0,0.0,19.967342195920097,2.5831751743519207
25,3806.3115448646954,21.68845513530431,0.0,210,3618,0,0.0,21.566147971172075,2.594978724756951
26,3784.974679295368,19.025320704632673,0.0,203,3601,0,0.0,25.394241406289954,2.4376355232730202
27,3752.2957962761798,15.704203723821479,0.0,221,3547,0,0.0,25.633740453251008,2.540879862570128
28,3791.9840525945096,12.015947405491717,0.0,218,3586,0,0.0,32.323047560964326,2.440333169396756
29,3809.683966359423,10.316033640578018,0.0,234,3586,0,0.0,42.080669808655294,2.6569376499355903
30,3787.4767550886672,8.523244911333322,0.0,242,3554,0,0.0,52.0559164489321,2.266431407883154
31,3808.881558318421,7.118441681580132,0.0,247,3569,0,0.0,46.354022539283115,2.5201960236130354
32,3731.043773222477,4.956226777524113,0.0,254,3482,0,0.0,59.80474471831792,2.5840812939922957
33,3768.266306230998,3.7336937690024468,0.0,261,3511,0,0.0,75.65203915140539,2.300054107730244
34,3697.480058221078,2.519941778922262,0.0,297,3403,0,0.0,71.56825744017351,2.752735183091965
35,3825.808331678313,2.1916683216871538,0.0,313,3515,0,0.0,85.25326538510289,2.2861880391311704
36,3818.021590551056,1.9784094489446211,0.0,338,3482,0,0.0,99.52665795166278,2.272909584084354
37,3806.304120072536,1.6958799274640042,0.0,323,3485,0,0.0,80.59026134112845,2.463241044005729
38,3846.5646127152236,1.4353872847762863,0.0,326,3522,0,0.0,104.29895874732551,2.4389168551651155
39,3858.6758877440793,1.324112255920643,0.0,359,3501,0,0.0,99.31330894628904,2.528423503675904
40,3823.016892490314,0.9831075096858953,0.0,347,3477,0,0.0,151.11733419373778,2.566451923826851
41,3775.1248921033407,0.8751078966591481,0.0,331,3445,0,0.0,159.41059020413624,2.666684777811784
42,3803.244092910497,0.7559070895031784,0.0,320,3516,8,0.0,101.75407042961639,2.7244633145781068
43,3847.5255240742586,0.47447592574161923,0.0,337,3511,0,0.0,103.748390268032,2.6898354917910456
44,3843.5871827552974,0.4128172447029118,0.0,334,3510,0,0.0,123.41268683747872,2.7143433180303633
45,3851.6994688524424,0.30053114755781724,0.0,306,3546,0,0.0,168.2233320210701,2.524935795668713
46,3783.8195685490623,0.18043145093781923,0.0,287,3497,0,0.0,187.74548958931283,2.635964970599927
47,3779.8195685490623,0.18043145093781923,0.0,273,3507,0,0.0,196.054570014051,2.6517454253841946
48,3867.8195685490623,0.18043145093781923,0.0,262,3606,0,0.0,230.58484612584084,2.692451512218442
49,3803.877001112304,0.12299888769639664,0.0,246,3558,0,0.0,227.16638133488053,2.3146024874418814
0,3000.914036644257,179.08596335574413,0.0,284,3716,205,0.0,3.784353211808527,2.546379073942126
1,3278.1856378407783,189.814362159224,0.0,291,3509,83,0.0,4.971837942701437,2.619841033627499
2,3584.8649175719434,203.13508242805653,0.0,269,3519,0,0.0,5.445821847106255,2.476741943829632
3,3552.524840532247,199.47515946775187,0.0,274,3478,0,0.0,5.595183248596761,2.5845693333174005
4,3518.1679608750155,193.83203912498553,0.0,255,3501,11,0.0,6.599861083527071,2.5507200723379957
5,3539.27762169005,180.72237830994754,0.0,281,3439,0,0.0,7.439183554594731,2.4283490912066394
6,3457.665455276004,162.33454472399157,0.0,324,3360,16,0.0,8.098572652718891,2.4031197086696503
7,3498.8851806985845,149.11481930141176,0.0,342,3362,14,0.0,9.350041138704384,2.4678530777588685
8,3470.0827833302624,129.91721666973413,0.0,342,3322,16,0.0,9.947804704065929,2.5039507916199
9,3452.338123126995,115.66187687300169,0.0,371,3321,31,0.0,10.271554635921248,2.5325081844646498
10,3581.0577076249715,106.94229237502601,0.0,401,3331,11,0.0,9.11137389103629,2.7314965331058403
11,3580.8270595742556,91.17294042574315,0.0,384,3320,8,0.0,9.899110178635201,2.561350153628506
12,3600.827571928902,79.17242807109507,0.0,407,3345,18,0.0,10.225379778942695,2.3132445874605327
13,3569.357654097656,66.64234590234229,0.0,385,3371,30,0.0,11.045641907800702,2.497350150821842
14,3657.944431087161,58.05556891283837,0.0,426,3330,10,0.0,10.398441818642247,2.537516857705275
15,3672.265884047407,47.734115952594145,0.0,417,3371,17,0.0,11.200301463885156,2.4808086753896896
16,3581.5110906431,38.48890935690042,0.0,402,3414,49,0.0,11.963753990983337,2.4803182392629424
17,3739.8172289196505,32.18277108034986,0.0,377,3447,13,0.0,12.775333523982871,2.633762467181854
18,3827.704898950551,28.295101049448284,0.0,372,3484,0,0.0,13.166853480210632,2.4670858806824842
19,3729.571609374368,22.42839062563288,0.0,351,3513,28,0.0,15.065255124465535,2.478727034735134
20,3846.819596959239,21.180403040762116,0.0,352,3548,8,0.0,14.789547786006096,2.4940914044990397
21,3902.0831525314998,17.916847468500418,0.0,316,3604,0,0.0,15.568296323072152,2.2751767921637955
22,3717.6044300216245,14.395569978375173,0.0,293,3591,38,0.0,15.191578172717188,2.3917180610979676
23,3828.5899180665974,11.410081933401804,0.0,235,3605,0,0.0,15.559058243742276,2.3391323290078123
24,3894.521327372459,9.478672627540368,0.0,216,3688,0,0.0,19.0232494102796,2.3867801477781345
25,3844.1048775062513,7.895122493747559,0.0,200,3652,0,0.0,21.658812353279547,2.379865447559319
26,3792.9400675988927,7.059932401106001,0.0,204,3596,0,0.0,17.588330159584817,2.4923752495560674
27,3802.6731595043784,5.326840495620361,0.0,199,3609,0,0.0,19.78272696051962,2.544009675277617
28,3244.1796154502363,3.820384549762851,0.0,221,3559,133,0.0,22.77741198329305,2.384775351948046
29,3784.9715461030833,3.0284538969165595,0.0,199,3613,6,0.0,21.477439053810983,2.4996233934317
30,3805.3583321889387,2.641667811060749,0.0,192,3616,0,0.0,20.008493221152595,2.5051816538681804
31,3726.02821052381,1.9717894761901327,0.0,195,3573,10,0.0,20.74427694844925,2.4441707048613015
32,3738.5842091745485,1.4157908254513585,0.0,206,3534,0,0.0,23.28915240376901,2.347804097074418
33,3818.753269677233,1.2467303227668447,0.0,217,3603,0,0.0,24.791854774384884,2.567472579604935
34,3782.921132441394,1.0788675586056486,0.0,242,3570,7,0.0,26.97956205068756,2.3060253299169595
35,3839.249135836156,0.750864163844376,0.0,236,3604,0,0.0,26.308698302204608,2.8736248530303623
36,3771.369518283357,0.6304817166429402,0.0,220,3552,0,0.0,33.56501779446646,2.30179387653254
37,3807.4850541324176,0.5149458675823597,0.0,201,3607,0,0.0,37.793157849289464,2.512830251259188
38,3731.7219266321554,0.27807336784422804,0.0,211,3545,6,0.0,36.48710883694207,2.4998747934295515
39,3819.7219266321554,0.27807336784422804,0.0,244,3576,0,0.0,42.57394045132427,2.5954742311217136
40,3859.7761446126715,0.2238553873286111,0.0,261,3599,0,0.0,48.96850726757191,2.364767838240131
41,3843.7761446126715,0.2238553873286111,0.0,254,3590,0,0.0,44.61918115472955,2.4667893923888533
42,3807.835722842356,0.16427715764386175,0.0,246,3562,0,0.0,53.71381424932472,2.7387656332818393
43,3803.9478407173674,0.052159282632570074,0.0,240,3564,0,0.0,48.35816869192166,2.5722673047293245
44,3828.0,0.0,0.0,234,3594,0,0.0,66.56287976604773,2.4194154996111266
45,3832.0,0.0,0.0,251,3581,0,0.0,90.50191614614742,2.812474286661322
46,3836.0,0.0,0.0,264,3572,0,0.0,85.75261410216451,2.6519536174149008
47,3804.0,0.0,0.0,250,3554,0,0.0,124.6170395918461,2.2698563459157164
48,3820.0,0.0,0.0,216,3604,0,0.0,85.79637926742299,2.597472215267998
49,3824.0,0.0,0.0,222,3622,5,0.0,100.20774125158904,2.558306270915219
0,3016.141004482044,179.85899551795256,0.0,279,3721,201,0.0,3.36682956587896,2.41063823001059
1,3538.817464001473,205.18253599852403,0.0,287,3465,2,0.0,4.359900372667493,2.3205893322549236
2,3382.171262442076,189.82873755792167,0.0,267,3521,54,0.0,5.9286606760733775,2.228569777622568
3,3451.9813856917503,188.01861430824795,0.0,292,3464,29,0.0,7.63944300088741,2.559847412706395
4,3505.159973815074,186.84002618492502,0.0,305,3435,12,0.0,9.735444510228085,2.4346808805815936
5,3422.3108046428756,169.68919535711944,0.0,290,3378,19,0.0,11.033152444916068,2.322293066990513
6,3567.173373832629,156.82662616736772,0.0,311,3469,14,0.0,14.029233159862423,2.387550660603004
7,3531.365142818584,156.63485718141285,0.0,364,3348,6,0.0,19.45284674292733,2.402432268481686
8,3569.259971296381,154.7400287036181,0.0,351,3425,13,0.0,22.640119259087058,2.745165693112493
9,3537.0148796244484,138.98512037555363,0.0,363,3361,12,0.0,25.983822117515412,2.4949026830800767
10,3609.7355685570205,126.26443144298187,0.0,377,3359,0,0.0,27.10741951693056,2.466030235145414
11,3199.052910713867,100.94708928614018,0.0,378,3322,100,0.0,33.891271404038,2.532526146428157
12,3259.003414955761,92.99658504423994,0.0,420,3276,86,0.0,36.1377285850335,2.3346059015122824
13,3681.9290749378542,86.07092506214741,0.0,407,3361,0,0.0,34.46192180901648,2.268684216311737
14,3731.9299955357856,80.07000446421887,0.0,459,3365,3,0.0,30.347509841959564,2.4389707528708415
15,3626.7475990337325,69.25240096626852,0.0,434,3390,32,0.0,35.35637105368925,2.2806359216180723
16,3723.9544968315777,60.04550316842428,0.0,409,3411,9,0.0,46.189005775234214,2.2957102311479303
17,3688.690132841786,51.309867158215795,0.0,371,3469,25,0.0,56.0936117626671,2.667105174437485
18,3752.5961448683643,43.403855131635936,0.0,344,3480,7,0.0,46.85878002435944,2.122926285154967
19,3749.570243972996,34.42975602700717,0.0,315,3485,4,0.0,50.15244426798384,2.291712720497159
20,3713.789519230224,26.210480769778506,0.0,274,3546,20,0.0,58.9980680189175,2.591746472500952
21,3742.8882904980815,21.111709501920043,0.0,267,3565,17,0.0,87.61471227893806,2.4835217724655383
22,3822.5642531170756,17.43574688292483,0.0,250,3590,0,0.0,83.39478713942934,2.5664530521944995
23,3834.0744334426445,13.925566557355543,0.0,238,3610,0,0.0,84.01637450223507,2.5282886377671465
24,3778.142311001058,9.857688998942578,0.0,212,3648,18,0.0,95.1025802647299,2.742879437901869
25,3827.4013728806945,8.598627119305874,0.0,229,3631,6,0.0,100.6227902463218,2.5663107757132804
26,3828.843682499805,7.156317500194767,0.0,204,3644,3,0.0,87.18304954556551,2.4013654039696233
27,3834.422758515143,5.577241484857713,0.0,180,3660,0,0.0,104.31241072773503,2.605343393036984
28,3779.868131076037,4.131868923962729,0.0,172,3612,0,0.0,123.1863403375416,2.4672620248516
29,3721.035948411782,2.964051588217195,0.0,161,3635,18,0.0,134.47533911905262,2.62275471902381
30,3817.6062433400934,2.39375665990588,0.0,162,3658,0,0.0,163.22889645975877,2.358328188127975
31,3841.9500722424377,2.049927757561408,0.0,171,3673,0,0.0,205.07594045440234,2.5390535839743653
32,3794.27521725171,1.7247827482895801,0.0,163,3633,0,0.0,201.05988868529866,2.5636539922349524
33,3786.714684322934,1.2853156770658507,0.0,162,3626,0,0.0,238.41132839669498,2.64690664778778
34,3843.0436154380595,0.9563845619400666,0.0,191,3653,0,0.0,196.32138648472878,2.5244764495173575
35,3747.3758483103366,0.6241516896632019,0.0,200,3548,0,0.0,181.65254469446708,2.4831438361960974
36,3711.5509749030853,0.44902509691464315,0.0,191,3521,0,0.0,183.2360024342172,2.8419068049330063
37,3851.548952112059,0.4510478879406615,0.0,216,3636,0,0.0,175.2689152221493,2.378122225242167
38,3835.607988140268,0.3920118597317605,0.0,268,3568,0,0.0,150.18680091943654,2.5804307577236214
39,3819.7281823784706,0.2718176215290592,0.0,249,3571,0,0.0,160.58093086906828,2.457481899221814
40,3819.840264157516,0.15973584248406686,0.0,262,3566,2,0.0,178.201010442368,2.5546641007094117
41,3799.9441208138014,0.05587918619854523,0.0,247,3577,6,0.0,189.5145163305956,2.2714498083131613
42,3851.9441208138014,0.05587918619854523,0.0,240,3612,0,0.0,185.16939727670385,2.3876562476221297
43,3811.9441208138014,0.05587918619854523,0.0,218,3594,0,0.0,193.33271825554604,2.7582975220257397
44,3803.9441208138014,0.05587918619854523,0.0,208,3596,0,0.0,196.260814459444,2.7608626410404504
45,3807.9441208138014,0.05587918619854523,0.0,198,3610,0,0.0,144.9193087461746,2.551653679721044
46,3819.9441208138014,0.05587918619854523,0.0,221,3599,0,0.0,171.12909997349638,2.426255928829238
47,3775.9441208138014,0.05587918619854523,0.0,213,3563,0,0.0,162.61686609794606,2.7442531275343756
48,3819.9441208138014,0.05587918619854523,0.0,212,3608,0,0.0,167.73053978660724,2.6777093507701952
49,3847.9441208138014,0.05587918619854523,0.0,233,3615,0,0.0,182.50252519789305,2.710677448860622
0,3110.5078334602717,185.4921665397348,0.0,280,3720,176,0.0,3.3952084018444055,2.6333142204364846
1,3286.17290774418,189.82709225582533,0.0,283,3477,71,0.0,3.705738400534224,2.4696671256516076
2,3580.628992933852,199.37100706615814,0.0,264,3516,0,0.0,4.119189240073879,2.5512325891757017
3,3561.530321671965,198.46967832804637,0.0,234,3526,0,0.0,4.217876376476186,2.454204762080916
4,3583.0830946962114,184.9169053038002,0.0,252,3516,0,0.0,5.567126392296424,2.590390731436046
5,3489.0556692008713,178.94433079914012,0.0,267,3449,12,0.0,6.858886657157295,2.3554684937035297
6,3476.4713690999397,175.52863090007224,0.0,286,3426,15,0.0,7.726879804827163,2.404388744747677
7,3502.754856031746,157.24514396825975,0.0,304,3356,0,0.0,7.764408863155256,2.4672340981677916
8,3449.665778295281,138.3342217047234,0.0,312,3376,25,0.0,9.012288935093851,2.584708257069683
9,3444.782074829284,123.21792517072146,0.0,367,3333,33,0.0,9.95237578155932,2.5943746290892076
10,3642.6189790801773,113.3810209198269,0.0,408,3348,0,0.0,10.638171922976001,2.3077496880941846
11,3512.4982084880007,95.50179151200447,0.0,407,3273,18,0.0,11.182757990812595,2.6799555223054448
12,3596.2254396859516,83.77456031405089,0.0,420,3324,16,0.0,11.63857250907437,2.390685476908226
13,3527.636308930238,68.36369106976488,0.0,385,3319,27,0.0,14.991423791638658,2.5809533740138684
14,3673.886376792861,58.11362320714084,0.0,365,3443,19,0.0,14.948254930985835,2.728374101239072
15,3749.3706796409356,50.62932035906443,0.0,371,3429,0,0.0,16.154087194793146,2.406021545542176
16,3607.901464718261,44.09853528173876,0.0,383,3477,52,0.0,18.584249193331146,2.4145270218106605
17,3738.478994279389,37.521005720609416,0.0,378,3434,9,0.0,20.377262346976362,2.304087067614189
18,3856.5284380827184,31.471561917280205,0.0,350,3538,0,0.0,24.598574800083494,2.4324790507485607
19,3708.535156236414,23.464843763585495,0.0,297,3519,21,0.0,25.322741956172667,2.6782146642214992
20,3817.2757775944274,18.724222405570917,0.0,269,3567,0,0.0,28.2215219515175,2.518270787816685
21,3844.4187504476477,15.581249552350538,0.0,260,3600,0,0.0,27.51249975366837,2.519282322029766
22,3663.4581444548626,12.54185554513589,0.0,252,3608,46,0.0,27.248801728964025,2.568710063204897
23,3829.1576088325423,10.842391167456475,0.0,262,3602,6,0.0,28.84582606867248,2.2139740831196026
24,3891.152219888026,8.847780111972872,0.0,231,3669,0,0.0,29.783171587405388,2.4739814849066457
25,3860.893000805435,7.106999194563686,0.0,228,3640,0,0.0,33.00550245375089,2.540680569584827
26,3822.5387031672935,5.461296832705354,0.0,200,3628,0,0.0,37.55932241121864,2.708874756129351
27,3799.708542294536,4.2914577054634435,0.0,187,3617,0,0.0,41.08348569779959,2.407019818010044
28,3864.4964492417557,3.503550758243216,0.0,195,3673,0,0.0,35.45193573156441,2.586024910837139
29,3781.5390044996884,2.4609955003115362,0.0,215,3569,0,0.0,43.75920476619947,2.561590321558458
30,3758.3602899307975,1.63971006920233,0.0,205,3555,0,0.0,42.82014633626474,2.1219702704533216
31,3722.9924299327404,1.007570067259484,0.0,204,3520,0,0.0,52.891394583659405,2.6170714756054245
32,3773.5136435770933,2.486356422906845,0.0,213,3563,0,0.0,56.3080597589236,2.4339596582554273
33,3785.6710413016,2.328958698400359,0.0,233,3555,0,0.0,54.61468396196833,2.7945668548245273
34,3793.952427550543,2.047572449457214,0.0,287,3509,0,0.0,46.0526716216423,2.7023505815367113
35,3806.005742294193,1.994257705806732,0.0,298,3510,0,0.0,33.5515506670911,2.54835447955412
36,3782.459696420574,1.5403035794256756,0.0,289,3495,0,0.0,47.05927973137002,2.5234567584388667
37,3814.5138415280558,1.4861584719439414,0.0,294,3522,0,0.0,48.05423761087385,2.4976727123610005
38,3818.5729010963123,1.427098903687564,0.0,293,3527,0,0.0,49.98509214753616,2.4719561143783024
39,3818.6295674823014,1.3704325176985566,0.0,276,3544,0,0.0,42.20633509238311,2.39030681947405
40,3826.6814687982733,1.3185312017265398,0.0,274,3574,5,0.0,47.29229348586059,2.4210275185474166
41,3830.791030633961,1.2089693660393785,0.0,275,3557,0,0.0,52.17782259483449,2.131168071730523
42,3842.905525263204,1.0944747367961867,0.0,271,3593,5,0.0,53.56245058009814,2.6819500734331103
43,3843.1398815416087,0.8601184583915504,0.0,293,3551,0,0.0,55.00977402761537,2.4092813671979147
44,3799.4235429115106,0.5764570884890959,0.0,275,3525,0,0.0,65.88311735055852,2.572659550599436
45,3867.656869431861,0.34313056813870546,0.0,278,3590,0,0.0,48.24190882842237,2.3768727151107294
46,3807.823150728106,0.17684927189382826,0.0,284,3524,0,0.0,48.99773853058338,2.142480644146309
47,3807.940750666743,0.05924933325683818,0.0,276,3532,0,0.0,35.641422723771484,2.2437979137822923
48,3775.7063943883386,0.2936056116614745,0.0,251,3525,0,0.0,33.30206393655295,2.487862790491213
49,3819.7656437215956,0.23435627840463633,0.0,237,3583,0,0.0,26.14234456585555,2.56513228661084
0,3095.3106937933335,184.68930620666444,0.0,309,3691,180,0.0,3.3804179824384772,2.3633445416596652
1,3187.610867268855,184.38913273113818,0.0,310,3366,76,0.0,3.8067377742545454,2.2427971640695654
2,3553.4455620022213,198.55443799777018,0.0,273,3479,0,0.0,4.233813549243968,2.5704239488638865
3,3543.4284863057014,196.57151369429522,0.0,294,3446,0,0.0,4.289619196771931,2.49505270609792
4,3565.3272256907094,182.67277430928667,0.0,339,3409,0,0.0,5.701342833317933,2.3551895402115886
5,3574.1001150693664,169.89988493063117,0.0,313,3431,0,0.0,7.162274340482896,2.422134306962613
6,3308.118552038804,147.88144796119454,0.0,326,3402,68,0.0,6.5809326169639,2.689249711277419
7,3042.105247351026,125.89475264897676,0.0,334,3374,135,0.0,7.059650400887599,2.337662462170651
8,3156.7710422855866,115.22895771441806,0.0,345,3383,114,0.0,8.636383629613471,2.9000047452017403
9,3698.022151099052,113.97784890095205,0.0,349,3463,0,0.0,10.114191538127914,2.519095258747813
10,3593.72833780061,98.27166219939262,0.0,363,3329,0,0.0,11.725347643194974,2.410204173390044
11,3498.6047036502937,81.39529634970822,0.0,316,3396,33,0.0,12.115133564012046,2.847835181412605
12,3662.727696889196,69.27230311080291,0.0,312,3420,0,0.0,17.801167445126953,2.519934413714369
13,3488.731917177839,55.26808282215799,0.0,292,3452,50,0.0,21.624893819242146,2.3794364215580552
14,3721.753019832883,50.24698016711858,0.0,382,3394,1,0.0,25.15892216375538,2.296322756681863
15,3652.1225690064794,39.87743099352309,0.0,362,3410,20,0.0,26.44397649054378,2.5342878110472293
16,3604.124897367988,31.875102632014006,0.0,366,3414,36,0.0,28.621085935349882,2.8902255325795707
17,3733.212218710662,26.787781289340373,0.0,363,3493,24,0.0,33.39505611755917,2.403711371597434
18,3853.6170450644527,22.382954935549492,0.0,331,3561,4,0.0,33.50830543046877,2.6071843002719177
19,3849.1428324568196,18.857167543182314,0.0,327,3541,0,0.0,42.07724972838851,2.5086362077956723
20,3688.7601131300753,15.239886869925856,0.0,308,3596,50,0.0,45.71244569445518,2.4693225990263055
21,3874.4844259584424,13.515574041558157,0.0,280,3608,0,0.0,64.2875737478314,2.641259895441256
22,3857.0742675462357,10.925732453765546,0.0,253,3631,4,0.0,64.97304511156679,2.3685060004967635
23,3893.791387048562,10.208612951439399,0.0,245,3659,0,0.0,86.8192210538678,2.514566078201833
24,3799.402791897676,8.597208102325983,0.0,230,3630,13,0.0,109.5487208743887,2.4711383095725177
25,3837.7171440404127,6.2828559595885505,0.0,205,3639,0,0.0,106.96950848628576,2.5122891090457937
26,3819.263088884496,4.736911115505117,0.0,186,3638,0,0.0,114.336055934056,2.378560723325926
27,3788.7256938619776,3.27430613802311,0.0,172,3620,0,0.0,105.96499242840548,2.4733161070479177
28,3829.412323302464,2.5876766975361463,0.0,147,3685,0,0.0,116.97927818378184,2.466899171844277
29,3762.2717021907174,1.7282978092829349,0.0,141,3623,0,0.0,142.1392541195124,2.5002451551508003
30,3742.939904531792,1.060095468208185,0.0,139,3605,0,0.0,124.22185777454906,2.747561345835525
31,3787.3339246328237,0.666075367176545,0.0,150,3638,0,0.0,115.12212988189276,2.742267527706894
32,3807.5123820396293,0.48761796037087035,0.0,172,3636,0,0.0,108.96347017018236,2.5032583905710757
33,3783.729633061741,0.27036693825939195,0.0,185,3599,0,0.0,107.08877739055801,2.490315910125382
34,3779.944978216672,0.05502178332799273,0.0,206,3574,0,0.0,125.33446861745391,2.5773529499974313
35,3792.0,0.0,0.0,205,3587,0,0.0,155.87184303580005,2.4431727644709644
36,3772.0,0.0,0.0,216,3556,0,0.0,136.77249670313765,2.3884619844771295
37,3844.0,0.0,0.0,233,3611,0,0.0,186.73767401717808,2.5705128118614144
38,3816.0,0.0,0.0,242,3574,0,0.0,160.3071366663354,2.2792028391387396
39,3832.0,0.0,0.0,256,3576,0,0.0,153.07059361952216,2.097133886965384
40,3832.0,0.0,0.0,273,3559,0,0.0,163.21713069297903,2.5519912842933232
41,3816.0,0.0,0.0,265,3551,0,0.0,182.89889640827974,2.657867151434903
42,3836.0,0.0,0.0,264,3572,0,0.0,187.52285337414378,2.4852499330523834
43,3836.0,0.0,0.0,271,3565,0,0.0,181.9769788526892,2.2974162391300315
44,3824.0,0.0,0.0,268,3556,0,0.0,242.1061387792844,2.6584931704172807
45,3796.0,0.0,0.0,249,3547,0,0.0,184.18558082110846,2.4882282957769144
46,3864.0,0.0,0.0,254,3610,0,0.0,178.185417177225,2.3833931367342194
47,3836.0,0.0,0.0,259,3577,0,0.0,151.14490032941438,2.1797869433478825
48,3792.0,0.0,0.0,262,3530,0,0.0,168.51173127803102,2.243343801014318
49,3784.0,0.0,0.0,241,3543,0,0.0,233.25720621431608,2.5672019496570986
0,3095.4453825618407,184.5546174381618,0.0,272,3728,180,0.0,3.7321932190030105,2.5915808983283943
1,3331.280735045402,192.7192649545949,0.0,270,3402,37,0.0,4.31029585815145,2.612192018957
2,3555.4802553620502,200.51974463794465,0.0,250,3506,0,0.0,4.75824693317176,2.545981558391578
3,3377.990544547928,190.00945545206827,0.0,275,3445,38,0.0,5.77097408442048,2.515279522543107
4,3201.197526818106,174.802473181886,0.0,285,3427,84,0.0,6.430819423302963,2.5619824614503144
5,3127.7877677835654,156.21223221643064,0.0,319,3461,124,0.0,9.03035566035388,2.644222909759879
6,3558.873235704823,169.12676429516932,0.0,339,3389,0,0.0,11.131765321875292,2.203206433640247
7,3560.279802279152,151.72019772084218,0.0,317,3395,0,0.0,12.349713439447095,2.4680509607976857
8,3453.906539989893,146.09346001010064,0.0,281,3431,28,0.0,14.729108486373493,2.5016911468837932
9,3554.9765856274566,133.02341437253577,0.0,323,3413,12,0.0,19.011660981608188,2.6988412879961867
10,3584.732712406641,119.26728759335406,0.0,351,3353,0,0.0,16.335501590667345,2.683390798362524
11,3307.0755202892497,96.9244797107455,0.0,331,3397,81,0.0,17.349742380417677,2.6407724346784787
12,3682.249363067314,89.75063693268238,0.0,335,3437,0,0.0,18.80492742442338,2.2626278308707297
13,3576.8192269341143,75.1807730658833,0.0,312,3444,26,0.0,18.69960778448945,2.5340056458980222
14,3611.26741323974,68.7325867602612,0.0,384,3400,26,0.0,17.28540762048379,2.3803969903100337
15,3658.1716331443404,57.828366855660484,0.0,364,3408,14,0.0,20.763108186527184,2.8135491492941203
16,3781.6887394861255,50.311260513877734,0.0,355,3477,0,0.0,22.114517225601986,2.691842911100067
17,3639.7011028592833,40.2988971407197,0.0,328,3480,32,0.0,26.36092092333513,2.221901141412534
18,3824.119486257115,35.880513742886876,0.0,342,3518,0,0.0,29.09925511389783,2.520085628552002
19,3833.054410742438,30.94558925756339,0.0,348,3516,0,0.0,28.22780459090207,2.09460647773208
20,3793.933788041058,26.06621195894143,0.0,349,3507,9,0.0,36.211626395731436,2.6362589526718803
21,3807.3031579203034,20.696842079696303,0.0,329,3563,16,0.0,30.304403797135123,2.259894954586784
22,3746.082035596411,17.917964403589348,0.0,321,3519,19,0.0,32.84514975540069,2.4542885087163353
23,3884.74147679813,15.258523201871729,0.0,293,3607,0,0.0,28.866443657261183,2.4800114944514924
24,3840.349163942211,11.650836057790634,0.0,245,3607,0,0.0,32.62561015592134,2.1852883116662483
25,3822.9345892491633,9.065410750838234,0.0,210,3654,8,0.0,38.09199697979337,2.678912071614356
26,3872.2147914344937,7.785208565507347,0.0,185,3695,0,0.0,38.75800807968749,2.496305553679226
27,3798.2366688854386,5.763331114562119,0.0,157,3647,0,0.0,32.92561802752062,2.7398938722953647
28,3810.6347842028376,5.365215797163133,0.0,158,3666,2,0.0,31.557633193283404,2.567564667319921
29,3743.593834765577,4.406165234423745,0.0,171,3577,0,0.0,27.940281163871976,2.6530638365622856
30,3792.560484915914,3.439515084086373,0.0,170,3626,0,0.0,30.860875159566607,2.4327767621523977
31,3769.3037498002564,2.696250199743987,0.0,192,3580,0,0.0,33.73296371556404,2.4786278630023917
32,3797.8696456200155,2.130354379984416,0.0,206,3594,0,0.0,39.037575879936924,2.4774948019705065
33,3754.3137159539147,1.6862840460851316,0.0,206,3550,0,0.0,38.34276683426099,2.4800395855962085
34,3818.764453135352,1.235546864647554,0.0,215,3605,0,0.0,36.31614772150022,2.1018229656726843
35,3798.933037675318,1.0669623246819662,0.0,225,3575,0,0.0,44.06915919804558,2.5366974234303012
36,3759.2101130118267,0.7898869881731628,0.0,237,3523,0,0.0,48.078250174307676,2.4462059931415023
37,3811.38061292473,0.6193870752698328,0.0,253,3563,1,0.0,58.031654975479704,2.497639179286344
38,3799.6697132980166,0.33028670198317267,0.0,257,3543,0,0.0,57.69036431324403,2.546837234989561
39,3835.8324847077024,0.16751529229742906,0.0,272,3564,0,0.0,48.82424711371697,2.401885414009302
40,3791.9437512929135,0.0562487070865013,0.0,255,3537,0,0.0,36.970656788156155,2.6120158404881266
41,3791.9437512929135,0.0562487070865013,0.0,258,3534,0,0.0,31.70080679171733,2.359069309475271
42,3855.9437512929135,0.0562487070865013,0.0,264,3592,0,0.0,32.37967659183254,2.418678089619218
43,3847.9437512929135,0.0562487070865013,0.0,265,3583,0,0.0,27.89380659208417,2.4874262486778003
44,3783.9437512929135,0.0562487070865013,0.0,276,3508,0,0.0,26.01442513069222,2.3423657486037013
45,3828.0,0.0,0.0,279,3569,5,0.0,33.623945693519936,2.6902933257653796
46,3824.0,0.0,0.0,273,3551,0,0.0,32.05541274789375,2.1902954493543176
47,3828.0,0.0,0.0,262,3566,0,0.0,43.09071754952863,2.413399260659326
48,3836.0,0.0,0.0,237,3599,0,0.0,45.86896705717771,2.398843260525421
49,3824.0,0.0,0.0,217,3607,0,0.0,42.51998181935906,2.4376361548132808
0,3057.7936368402006,182.20636315979985,0.0,268,3732,190,0.0,3.7836683249863174,2.6944004712257823
1,3403.3582925161445,196.64170748385422,0.0,271,3337,2,0.0,4.366367866554,2.5324611039785463
2,3528.8665503257266,195.1334496742701,0.0,247,3477,0,0.0,5.621202389727074,2.530098270358211
3,3553.2578894164903,190.74211058350727,0.0,295,3449,0,0.0,5.170177284943036,2.523549693796884
4,3454.571008697904,185.42899130209327,0.0,331,3449,35,0.0,6.125714751308848,2.5130992004345667
5,3308.159461056869,175.84053894313067,0.0,373,3335,56,0.0,7.245008255824328,2.7951167891983193
6,3194.7014930954288,169.2985069045714,0.0,402,3366,101,0.0,9.330570416832698,2.350385054477571
7,2883.4035777135546,140.59642228644105,0.0,408,3300,171,0.0,10.490919701818841,2.660933888410895
8,3453.4220987875897,146.57790121240643,0.0,403,3341,36,0.0,12.392958453402352,2.5397979388365526
9,3584.5909874378663,135.40901256213292,0.0,389,3383,13,0.0,12.686057802262113,2.616288339744796
10,3500.1985628269954,119.80143717300635,0.0,382,3418,45,0.0,12.292219802702823,2.6046784054907497
11,3632.0436796700374,107.95632032996448,0.0,361,3379,0,0.0,13.557683631292754,2.3868804218828577
12,3654.3532638625557,93.64673613744581,0.0,326,3422,0,0.0,16.481749416005005,2.39629272846458
13,3600.725095383381,79.27490461662057,0.0,306,3422,12,0.0,19.77504266559221,2.3554907146610162
14,3690.7251295813317,69.27487041866976,0.0,297,3499,9,0.0,22.62694401740886,2.4270053907517646
15,3700.07171382735,59.92828617265309,0.0,293,3531,16,0.0,23.916929465927833,2.523893501910907
16,3710.7540215129848,49.24597848701973,0.0,277,3487,1,0.0,22.691296994548054,2.596333205095413
17,3739.241159429845,40.75884057015834,0.0,270,3530,5,0.0,28.600103285995925,2.4290964141543947
18,3704.280155077827,31.719844922176247,0.0,268,3484,4,0.0,32.13087118152541,2.147832696589768
19,3810.204118983907,25.795881016096235,0.0,271,3565,0,0.0,41.08506497225247,2.5181601018566915
20,3754.746144760601,25.25385523939955,0.0,386,3494,25,0.0,40.39378714463094,2.3418013757263365
21,3579.409712703528,20.590287296473072,0.0,371,3457,57,0.0,39.78029159305979,2.75152129608223
22,3846.9331805580455,17.066819441954713,0.0,334,3530,0,0.0,48.97050327868457,2.691598970052068
23,3139.41566038204,12.58433961795872,0.0,328,3568,186,0.0,50.14144515413966,2.6437613947108938
24,3021.988117646111,10.011882353888721,0.0,322,3602,223,0.0,49.920173126493644,2.5479959557729583
25,3350.8551204558908,9.144879544109227,0.0,274,3566,120,0.0,67.63180206142034,2.663404881790898
26,2773.318639147703,6.681360852297576,0.0,275,3597,273,0.0,84.46435999301126,2.429163835612754
27,2127.324697945499,4.675302054500677,0.0,305,3535,427,0.0,93.69626678675432,2.390138512817373
28,2898.8689625636794,5.131037436319642,0.0,276,3564,234,0.0,90.26971903245753,2.447729302615272
29,2564.0316747241072,3.968325275893062,0.0,290,3550,318,0.0,95.02660999660294,2.265914100400301
30,3011.8653881134674,4.134611886531801,0.0,270,3646,225,0.0,112.6880730864138,2.4363765637423684
31,3644.575593865893,3.424406134106705,0.0,242,3594,47,0.0,141.03906345925867,2.515993114327771
32,3785.4637364144487,2.5362635855506617,0.0,219,3673,26,0.0,187.80596706865958,2.6447967570847397
33,3582.1968430365696,1.8031569634306959,0.0,217,3607,60,0.0,209.03869453842893,2.2289107204536864
34,2839.038110699049,0.9618893009508817,0.0,217,3591,242,0.0,222.3511658311736,2.4454675290178765
35,2223.4974759518504,0.502524048149903,0.0,238,3530,386,0.0,312.34525303432565,2.6654367516313755
36,3527.6469283280812,0.35307167191904676,0.0,212,3616,75,0.0,250.70784988495157,2.4691795843180797
37,3283.759315851,0.24068414900008311,0.0,244,3624,146,0.0,232.59282841240028,2.632908118058575
38,3427.8814708484947,0.1185291515055802,0.0,247,3613,108,0.0,230.4889795390093,2.037750953060078
39,3839.937866700359,0.06213329964128447,0.0,223,3617,0,0.0,219.9772695046664,2.531593318716311
40,3519.937866700359,0.06213329964128447,0.0,238,3626,86,0.0,246.89861682094272,2.436547304108913
41,2767.9378667003584,0.06213329964128447,0.0,264,3592,272,0.0,279.0230112079184,2.7462831184538747
42,3812.0,0.0,0.0,228,3584,0,0.0,369.2351297797467,2.776149688489519
43,3864.0,0.0,0.0,227,3637,0,0.0,529.6539913180716,2.50615092100094
44,3428.0,0.0,0.0,226,3634,108,0.0,482.2552236851365,2.5291645861508263
45,3752.0,0.0,0.0,244,3508,0,0.0,579.6132277701587,2.512839978429791
46,3848.0,0.0,0.0,248,3600,0,0.0,695.861798985949,2.527001883583839
47,3812.0,0.0,0.0,252,3560,0,0.0,808.8472747882855,2.305225086969589
48,3792.0,0.0,0.0,239,3553,0,0.0,632.0670455668297,2.3210018161879384
49,3860.0,0.0,0.0,242,3618,0,0.0,634.6319263326318,2.4591221419191367
0,3103.292697926251,184.7073020737538,0.0,273,3727,178,0.0,3.4011816838779487,2.935957231801991
1,3270.9831840690267,189.01681593097447,0.0,266,3402,52,0.0,4.34078051302107,2.4605124494630033
2,3567.8959274624053,200.10407253760008,0.0,246,3522,0,0.0,6.3628687459715465,2.718255060821555
3,3509.5317483487843,190.46825165122013,0.0,274,3474,12,0.0,6.678008534044903,2.3900855985262073
4,3357.2740370198194,178.72596298018286,0.0,295,3425,46,0.0,6.803693326966415,2.4991261822461306
5,3410.4758236754315,165.52417632456587,0.0,308,3408,35,0.0,9.188733594771717,2.4819928569739917
6,3468.6842984599048,151.31570154009404,0.0,350,3390,30,0.0,11.365585545214676,2.45608351373434
7,3284.498638939429,131.50136106057153,0.0,362,3378,81,0.0,11.825985136105663,2.4061226780897487
8,3315.0339501144013,132.96604988559582,0.0,380,3376,77,0.0,11.398386378875335,2.4228142821959753
9,3145.512662762213,118.48733723778706,0.0,404,3324,116,0.0,9.800440272427982,2.505439173752976
10,3558.0439858053282,113.95601419467465,0.0,402,3354,21,0.0,10.651269985265662,2.734865900903771
11,3672.650999377484,103.34900062251761,0.0,403,3373,0,0.0,10.870531012228051,2.490281389157441
12,3468.580800366846,83.41919963315792,0.0,341,3351,35,0.0,11.373251739638116,2.617108510133611
13,3618.081973918332,69.91802608167043,0.0,334,3370,4,0.0,10.90601542408596,2.4985796238430997
14,3546.470876752566,57.52912324743714,0.0,328,3444,42,0.0,15.943154495871648,2.388887430796208
15,3550.3632497838585,49.63675021614469,0.0,343,3481,56,0.0,19.708633633024522,2.584737792093896
16,3758.6542091806914,41.34579081931004,0.0,326,3478,1,0.0,20.705612658244405,2.368583351863427
17,3383.65642245439,32.3435775456099,0.0,316,3496,99,0.0,20.553704306634234,2.4775528179767425
18,2652.419722392002,23.58027760799823,0.0,321,3547,298,0.0,17.440381711687007,2.5777314270171576
19,3871.709500714092,24.290499285908282,0.0,286,3610,0,0.0,19.498911919866995,2.6558264603332775
20,3882.245917177452,21.754082822548465,0.0,286,3618,0,0.0,21.681869974394413,2.505584817732545
21,3485.9913069618246,18.008693038175696,0.0,282,3670,112,0.0,17.54871897460497,2.4018273608935368
22,3856.125873977836,15.874126022163896,0.0,251,3621,0,0.0,19.182793061885448,2.585022108193529
23,3874.906267612694,13.093732387305483,0.0,223,3665,0,0.0,18.774579798520588,2.5584925128785994
24,3893.3743370309726,10.625662969026386,0.0,198,3710,1,0.0,17.11567581995772,2.4740088508723117
25,3863.088933340869,8.911066659130519,0.0,191,3681,0,0.0,19.959529302333035,2.407105884555426
26,3845.7217393126875,6.278260687312076,0.0,173,3679,0,0.0,17.9047583227194,2.3743446532715913
27,3779.386362818246,4.6136371817540525,0.0,155,3629,0,0.0,16.921459965000263,2.3314723576506067
28,3784.737329073166,15.262670926833996,0.0,144,3656,0,0.0,20.508761361408933,2.1719795379602704
29,3136.8825166157176,15.117483384282872,0.0,130,3658,159,0.0,22.248877692716928,2.354652694182791
30,3421.558413679887,14.441586320113442,0.0,182,3606,88,0.0,20.09381561197736,2.398434261606524
31,3149.888209245635,14.111790754364419,0.0,186,3558,145,0.0,21.55843671515392,2.3334668867630617
32,3761.8747367443952,14.125263255604429,0.0,227,3549,0,0.0,22.6862547527858,2.756161504374404
33,3714.720792324848,13.279207675152637,0.0,201,3639,28,0.0,29.080101027777417,2.2923562139101223
34,3851.2839990738,12.716000926200428,0.0,253,3611,0,0.0,31.88657497692132,2.578479570732211
35,3703.8401665175916,12.159833482408693,0.0,259,3457,0,0.0,33.078235665368275,2.44053010445061
36,3780.4047156964766,11.59528430352415,0.0,233,3559,0,0.0,36.139189424688816,2.680608791321683
37,3717.4749892135846,10.525010786415395,0.0,209,3559,10,0.0,39.11132706472351,2.4380984238691323
38,3786.706551238876,9.293448761124182,0.0,210,3602,4,0.0,37.07383301982123,2.583475969750796
39,3788.2616939730938,7.738306026905551,0.0,251,3545,0,0.0,43.259536872097726,2.437832077527934
40,3778.1826256063573,5.817374393642167,0.0,256,3560,8,0.0,49.822787375907815,2.4765431923076022
41,3743.5553087866333,4.4446912133665935,0.0,267,3565,21,0.0,67.94218052287017,2.267190516798621
42,3836.940373563869,3.0596264361310803,0.0,300,3540,0,0.0,72.98219098351987,2.366491016185543
43,3825.344377466816,2.655622533184849,0.0,288,3540,0,0.0,84.94516528734356,2.525668758891567
44,3845.8766241053495,2.123375894650418,0.0,300,3548,0,0.0,106.77758236881009,2.478643993670965
45,3786.2112469089457,1.7887530910546319,0.0,284,3504,0,0.0,88.8405610539141,2.627337764161825
46,3834.6370859022004,1.362914097799472,0.0,273,3563,0,0.0,102.48537970500384,2.3421042124224485
47,3774.752292787546,1.247707212453961,0.0,252,3524,0,0.0,109.20207156369884,2.6450314806941
48,3810.9648831127206,1.0351168872793,0.0,239,3573,0,0.0,93.81619384011151,2.358873586245096
49,3770.8549677906485,1.1450322093517162,0.0,247,3525,0,0.0,103.74145519105231,2.7261642410927847
0,3099.0727989087486,184.92720109126108,0.0,278,3722,179,0.0,3.196483747096696,2.421917701252034
1,3485.241051024119,202.7589489758936,0.0,278,3410,0,0.0,3.4979286018505213,2.532862213065622
2,3637.0334989946255,202.96650100538847,0.0,264,3576,0,0.0,3.3661837613253773,2.5249578406812083
3,3490.1831604383237,193.81683956169104,0.0,300,3420,9,0.0,3.5070334955547993,2.5262991924801455
4,3281.7251577158127,182.27484228419618,0.0,286,3446,67,0.0,3.9211549102316923,2.7240936039528396
5,3550.879428185057,177.12057181495132,0.0,340,3388,0,0.0,4.925390151456547,2.444675155500665
6,3594.756659524471,165.24334047553407,0.0,394,3402,9,0.0,5.67848871587513,2.3533389472327384
7,3564.7599245136594,151.24007548634242,0.0,421,3343,12,0.0,7.150180748050755,2.2721013387043025
8,3542.124592948419,137.8754070515855,0.0,403,3277,0,0.0,7.965386879564774,2.648976796851791
9,3529.5627695906737,122.43723040932903,0.0,367,3293,2,0.0,10.07482179205578,2.576467368109345
10,3442.335353095607,105.66464690439703,0.0,323,3389,41,0.0,10.534861980810327,2.722048004339748
11,3513.096075433377,98.9039245666242,0.0,375,3353,29,0.0,15.356653657306843,2.453517637197007
12,3640.5962804677833,87.40371953221525,0.0,378,3350,0,0.0,14.241172248050015,2.3746153897737434
13,3497.7435132118226,70.25648678817632,0.0,325,3443,50,0.0,15.730613305919368,2.629019511389602
14,3576.566162077941,63.43383792205708,0.0,369,3407,34,0.0,17.559007170065716,2.3639135240498197
15,3740.810586530717,55.1894134692783,0.0,345,3451,0,0.0,14.969463976516883,2.482329264597488
16,3247.333307925562,44.66669207443371,0.0,362,3458,132,0.0,15.876970542975103,2.3313160467973395
17,3254.898986854085,37.101013145910244,0.0,344,3472,131,0.0,17.299944684018232,2.322831965361116
18,3459.6628166084383,32.33718339155652,0.0,336,3528,93,0.0,19.821673687829133,2.3666330798038686
19,2807.699048424673,24.300951575323634,0.0,346,3514,257,0.0,15.860147401243943,2.6075383771743725
20,3228.1200417418204,23.879958258177773,0.0,298,3566,153,0.0,15.754783011980782,2.4245409640724582
21,3862.2445481897075,21.755451810290058,0.0,263,3621,0,0.0,16.61189071429985,2.4887161219102354
22,3873.9932588190295,18.0067411809682,0.0,228,3684,5,0.0,17.781870433314253,2.486753178694311
23,3669.3871842072645,14.612815792733477,0.0,231,3669,54,0.0,18.4676103044831,2.4613469887865262
24,3858.429148633608,13.570851366388995,0.0,211,3701,10,0.0,18.023210554897897,2.3461747430663853
25,3804.87003440119,11.129965598808575,0.0,188,3628,0,0.0,18.015862302968163,2.514864039561104
26,3822.625183524859,9.374816475139717,0.0,184,3648,0,0.0,23.137920974014424,2.471863243256803
27,3341.3923045281526,6.607695471845842,0.0,193,3563,102,0.0,26.71264628059257,2.4837984405226785
28,3659.3413570219004,4.658642978098524,0.0,179,3625,35,0.0,26.00033151995127,2.4903390927398164
29,3088.1265746607523,3.8734253392468,0.0,204,3592,176,0.0,27.88136355683534,2.4300856442229986
30,3668.864207929195,3.1357920708043685,0.0,193,3615,34,0.0,30.5835594359647,2.5150569829806013
31,3285.620198841617,2.379801158383167,0.0,224,3624,140,0.0,34.28281680298592,2.5390112215085523
32,3458.2908498879133,1.7091501120873043,0.0,227,3577,86,0.0,36.9883150462176,2.380917946836054
33,3786.6754751566555,1.3245248433446672,0.0,222,3566,0,0.0,31.30368148507743,2.5284915761011444
34,3322.7962502377122,1.203749762287709,0.0,229,3623,132,0.0,28.125758135962638,2.753237492866698
35,3270.975032434053,1.0249675659476827,0.0,243,3553,131,0.0,26.951865560175122,2.3411031676667964
36,3819.2016183525884,0.7983816474118822,0.0,244,3576,0,0.0,25.955626153760736,2.624787606780348
37,3855.3756653440564,0.6243346559433033,0.0,255,3601,0,0.0,26.680598767750045,2.435443252549101
38,3675.488137177295,0.5118628227048387,0.0,261,3627,53,0.0,30.389656629397958,2.503783488336062
39,3731.7091770609945,0.29082293900552847,0.0,239,3493,0,0.0,33.130662855055895,2.5222826616063734
40,3815.771326427857,0.22867357214306158,0.0,212,3604,0,0.0,35.84503984612661,2.534206279112735
41,3839.771326427857,0.22867357214306158,0.0,224,3616,0,0.0,36.54297004922222,2.3781959630508203
42,3863.8331026163396,0.1668973836600196,0.0,245,3619,0,0.0,27.143232333055682,2.5172313998515916
43,3843.8331026163396,0.1668973836600196,0.0,253,3591,0,0.0,26.066727566836125,2.9276919257258838
44,3835.8331026163396,0.1668973836600196,0.0,258,3578,0,0.0,28.430772136112633,2.2378792582565157
45,3803.883914946888,0.11608505311177601,0.0,266,3538,0,0.0,33.359576886931336,2.2443827094421196
46,3807.883914946888,0.11608505311177601,0.0,274,3534,0,0.0,38.68258824112913,2.1265236144642063
47,3752.0,0.0,0.0,260,3492,0,0.0,42.36279991767898,2.6030448377613222
48,3796.0,0.0,0.0,257,3539,0,0.0,42.418970657686266,2.3522782602474845
49,3780.0,0.0,0.0,256,3524,0,0.0,39.117096694829264,2.8341210323931403
0,3020.0258304085974,179.97416959140773,0.0,289,3711,200,0.0,3.579885092666213,2.2716991263316118
1,3459.6427140820815,200.35728591792096,0.0,292,3380,3,0.0,4.1691137645370056,2.7063516746206133
2,3316.3429916391683,191.65700836083522,0.0,268,3512,68,0.0,4.931665250773869,2.4223561681255186
3,3228.6111582629337,187.38884173707254,0.0,292,3512,97,0.0,5.090048115953094,2.4215024301098182
4,3301.682447587109,178.31755241289804,0.0,317,3411,62,0.0,6.221329993697961,2.580102183247228
5,3260.041576134875,163.95842386512683,0.0,317,3383,69,0.0,7.147390500162525,2.3055832969504393
6,3317.0204577424743,162.97954225752625,0.0,350,3454,81,0.0,7.960521633052285,2.1423724022175175
7,3005.789734744815,142.21026525518383,0.0,380,3376,152,0.0,8.617600229920539,2.4412153440228774
8,3555.7242000635306,152.2757999364722,0.0,352,3356,0,0.0,7.817131251970604,2.4948972620355603
9,3634.2408538955387,137.75914610446543,0.0,324,3448,0,0.0,8.339398110484895,2.388951152402924
10,3464.2881936195254,115.71180638047292,0.0,272,3424,29,0.0,8.937743866892765,2.277921157456672
11,3605.455515280312,102.54448471968868,0.0,273,3455,5,0.0,9.960676414170509,2.348309562442936
12,3547.560114695468,88.43988530453278,0.0,286,3450,25,0.0,10.987897200434574,2.8188648424504543
13,3698.130780591369,77.8692194086307,0.0,286,3490,0,0.0,11.345783786144239,2.3843339548854914
14,3599.388324334537,68.61167566546027,0.0,342,3430,26,0.0,12.370639397903128,2.270387309913092
15,3586.278356150599,57.72164384939705,0.0,328,3448,33,0.0,11.1856278594778,2.537932815664753
16,3656.5986007554366,51.401399244558746,0.0,372,3428,23,0.0,12.219926286798875,2.621684677019119
17,3772.9043045067306,43.09569549326979,0.0,364,3452,0,0.0,11.600338952892075,2.4847640505373905
18,3690.813728421791,33.18627157820872,0.0,323,3505,26,0.0,11.708145099517047,2.349454762247513
19,3744.261220406093,27.738779593909427,0.0,308,3516,13,0.0,12.900581960579236,2.6513026524500765
20,3761.141565671058,22.858434328944682,0.0,315,3517,12,0.0,13.212143768529549,2.2834260522221013
21,3796.8710821406908,19.12891785931211,0.0,314,3578,19,0.0,13.735789583301875,2.390650021163803
22,3812.121246539093,15.878753460907488,0.0,294,3570,9,0.0,16.62166568568101,2.657556875141028
23,3811.1378748504294,12.862125149572398,0.0,258,3566,0,0.0,14.644566327431003,2.5023535707881104
24,3865.1732227443754,10.826777255626038,0.0,252,3656,8,0.0,16.111102384219652,2.5897800317017974
25,3822.627462348617,9.372537651384699,0.0,236,3596,0,0.0,20.517370901662414,2.5283108512891737
26,3784.6741484413365,7.32585155866521,0.0,224,3568,0,0.0,24.65992623823207,2.581975612451513
27,3850.0864858855593,5.913514114441695,0.0,224,3632,0,0.0,25.04610593939573,2.455606526799876
28,3735.8144160652946,4.1855839347056385,0.0,228,3536,6,0.0,22.99733007067284,2.429665423374538
29,3812.4310921076103,3.5689078923892796,0.0,227,3589,0,0.0,24.517557724859284,2.805559323231776
30,3812.81434221495,3.1856577850496706,0.0,236,3580,0,0.0,25.971182065452023,2.46612709009813
31,3785.535494768454,2.4645052315461973,0.0,243,3545,0,0.0,29.912101606602704,2.4212398686388923
32,3790.3590114880326,1.6409885119671825,0.0,236,3556,0,0.0,27.867871901896123,2.493797277801132
33,3847.3469941263247,4.653005873676927,0.0,251,3601,0,0.0,26.89755536202043,2.712085593190103
34,3819.9066401253976,4.093359874603833,0.0,274,3550,0,0.0,32.1427571314894,2.651835190837461
35,3760.5142226855273,3.485777314473962,0.0,259,3505,0,0.0,30.53660486058104,2.709356399368927
36,3828.857692596353,3.142307403648383,0.0,279,3553,0,0.0,32.39367802415119,2.4751286194529323
37,3745.1488862130773,2.8511137869238024,0.0,300,3448,0,0.0,31.448077279125684,2.4148900681288517
38,3773.6346924160207,2.3653075839807913,0.0,300,3476,0,0.0,23.464680166519724,2.47503243950814
39,3821.92362501935,2.0763749806513765,0.0,286,3538,0,0.0,25.572848133473627,2.49233980853729
40,3778.2051511062896,1.7948488937113731,0.0,282,3498,0,0.0,28.250838856912342,2.559694176157792
41,3810.3616681554354,1.6383318445654829,0.0,269,3543,0,0.0,26.45107821734226,2.421262117491843
42,3846.5743229504887,1.4256770495122089,0.0,280,3568,0,0.0,24.071839187110783,2.3676557345813025
43,3842.4518212268417,1.5481787731588548,0.0,297,3547,0,0.0,28.52999118122791,2.63379545069375
44,3802.6214234250688,1.3785765749319538,0.0,271,3533,0,0.0,27.31259533017052,2.329373171103961
45,3852.822718008858,3.177281991142584,0.0,279,3577,0,0.0,23.15759079135425,2.6013834932517654
46,3837.1197012341463,2.8802987658541888,0.0,267,3573,0,0.0,25.431545205425948,2.540555520252532
47,3801.580921078572,2.419078921428458,0.0,248,3556,0,0.0,22.479373487516142,2.4692388495013913
48,3809.8709486472308,2.129051352769015,0.0,235,3577,0,0.0,20.423453425797714,2.3978890880996
49,3802.0948161975307,1.905183802469317,0.0,235,3569,0,0.0,25.069566113919365,2.4672382561395803
0,3155.9525922039193,188.04740779607468,0.0,304,3696,164,0.0,3.612211988960148,2.2395116360230682
1,3466.4997749093154,201.5002250906807,0.0,298,3370,0,0.0,4.922549537347295,2.4374036528928484
2,3418.246607492942,197.75339250705466,0.0,282,3514,45,0.0,5.0319267646692545,2.7287453618982656
3,3515.213945041101,200.78605495889803,0.0,301,3415,0,0.0,5.911288586603902,2.5611413098610445
4,3341.7917651840066,174.20823481599433,0.0,307,3405,49,0.0,7.164952687435918,2.4674603748666852
5,3514.5752625708856,181.42473742911673,0.0,320,3396,5,0.0,6.918762682336298,2.3935334389737477
6,3486.47658288066,165.52341711934682,0.0,347,3405,25,0.0,7.467789279652846,2.321822191932225
7,3591.534440032817,164.46555996719064,0.0,381,3379,1,0.0,8.374797922804708,2.4748319478064538
8,3516.1202638996274,147.87973610037778,0.0,398,3342,19,0.0,9.922634055872884,2.6761622787047967
9,3185.7563861646054,126.24361383539933,0.0,415,3353,114,0.0,10.299086132619458,2.4592446291828454
10,3570.1806306250796,125.81936937492446,0.0,396,3300,0,0.0,10.562762929484066,2.424126142650973
11,3594.8066910798225,109.19330892018112,0.0,389,3315,0,0.0,15.153786725324231,2.2042829593258464
12,3527.917755664709,92.08224433529452,0.0,370,3346,24,0.0,20.77422180830846,2.3611872974725836
13,3508.5730390628037,79.42696093720055,0.0,394,3346,38,0.0,17.525642848709932,2.475323618478116
14,3655.0261874383964,68.97381256160745,0.0,388,3352,4,0.0,19.453072168791177,2.3936664746275245
15,3629.9753039041448,58.02469609585785,0.0,383,3409,26,0.0,16.915504130953135,2.5265158057535615
16,3634.3950359753544,49.6049640246471,0.0,405,3399,30,0.0,15.524084436155041,2.396492977505905
17,3804.206688495839,43.79331150416051,0.0,361,3487,0,0.0,15.344161721248861,2.641561977057462
18,3761.4510361577027,34.54896384229736,0.0,341,3507,13,0.0,16.038236407439324,2.3405903335369387
19,3788.363855968944,27.636144031055245,0.0,311,3513,2,0.0,20.106185496065137,2.403077513609005
20,3761.8474529011364,22.152547098863433,0.0,284,3608,27,0.0,18.101082060976523,2.4391396857742436
21,3816.242771966759,19.75722803324051,0.0,279,3601,11,0.0,20.678785326439854,2.1002360682228796
22,3838.898333322185,17.10166667781407,0.0,265,3591,0,0.0,16.7183770000245,2.3633236117028744
23,3869.3776182309894,14.622381769009234,0.0,269,3615,0,0.0,20.837514506357568,2.4204254244793955
24,3789.0881338905965,10.911866109402405,0.0,251,3573,6,0.0,21.14050344851363,2.8032588468118655
25,3882.4213184789323,9.578681521067018,0.0,242,3650,0,0.0,19.73994153052806,2.6467887019223797
26,3840.028679463852,7.971320536146988,0.0,220,3628,0,0.0,19.980999851592497,2.330421696415225
27,3717.525358327516,6.474641672482154,0.0,218,3586,20,0.0,20.414312780448963,2.53952664420879
28,3807.138329376826,4.861670623173548,0.0,213,3599,0,0.0,22.211653085001235,2.574653227983352
29,3796.030462293286,3.96953770671365,0.0,205,3595,0,0.0,28.411547830497025,2.334309000119079
30,3793.141046808173,2.8589531918264233,0.0,193,3603,0,0.0,32.25925932836378,2.6756859253051744
31,3738.1539577254903,1.8460422745090448,0.0,191,3549,0,0.0,48.886792934208835,2.4598298934324903
32,3782.27690700393,1.723092996070009,0.0,217,3567,0,0.0,54.11820539315412,2.2865159032499784
33,3826.847014390746,1.1529856092542141,0.0,216,3612,0,0.0,51.543255347487865,2.5671373950006826
34,3795.127803493801,0.8721965061996837,0.0,214,3582,0,0.0,49.23569139217589,2.4669432255367454
35,3819.34585772311,0.6541422768902216,0.0,229,3591,0,0.0,50.237135243905094,2.3531375807159822
36,3823.4512691956816,0.548730804318179,0.0,248,3576,0,0.0,64.02486610581644,2.498560976515394
37,3755.562450723507,0.43754927649325565,0.0,232,3524,0,0.0,75.33457804346037,2.456805455477874
38,3799.719043384497,0.28095661550281026,0.0,217,3583,0,0.0,77.84038525961834,2.5104634520122797
39,3811.7693133559587,0.23068664404093103,0.0,233,3579,0,0.0,81.09531151515516,2.462276794748742
40,3799.7693133559587,0.23068664404093103,0.0,235,3565,0,0.0,89.24419420631126,2.4743153668478506
41,3787.883171585336,0.1168284146636648,0.0,256,3540,2,0.0,108.17167028206929,2.5472963687091315
42,3867.9445877574944,0.05541224250570272,0.0,260,3608,0,0.0,139.94329948717674,2.4321348887947116
43,3820.0,0.0,0.0,257,3563,0,0.0,146.62861917547477,2.351090906672729
44,3772.0,0.0,0.0,265,3507,0,0.0,97.35821845393714,2.629023630084771
45,3824.0,0.0,0.0,270,3598,11,0.0,121.09762321510748,2.297216363658044
46,3808.0,0.0,0.0,276,3532,0,0.0,112.35277782805467,2.7638196169705482
47,3812.0,0.0,0.0,254,3558,0,0.0,112.1282033298243,2.4510570933496876
48,3856.0,0.0,0.0,243,3613,0,0.0,120.68721713541031,2.658793493703119
49,3780.0,0.0,0.0,256,3524,0,0.0,130.05997546243546,2.381411447972975
0,3069.5959934402567,182.40400655974145,0.0,264,3736,187,0.0,3.221898016788162,2.516119452847387
1,3482.2927269690617,201.7072730309404,0.0,274,3410,0,0.0,3.6985933898721997,2.669207448866633
2,3573.516968914721,198.48303108528052,0.0,256,3516,0,0.0,4.165797631996573,2.550952730376869
3,3281.8874406700706,182.1125593299309,0.0,246,3562,86,0.0,4.569422855051591,2.2658045255647052
4,3544.6566346844243,191.34336531558156,0.0,299,3437,0,0.0,5.653864829056338,2.4757863483481093
5,3504.5592330799896,171.44076692001389,0.0,297,3379,0,0.0,6.442109957051433,2.675047546594761
6,3580.1897855138836,159.8102144861173,0.0,315,3453,7,0.0,5.8930790289724975,2.5714331027066017
7,3521.4971405030897,142.50285949691224,0.0,321,3399,14,0.0,6.59234715873981,2.498420961317688
8,3290.8041487484616,121.19585125154182,0.0,321,3383,73,0.0,7.361603292660651,2.4832018653090255
9,3634.627329158856,113.37267084114532,0.0,332,3416,0,0.0,8.884801797243986,2.6114426635021832
10,3537.6001632563602,94.39983674364007,0.0,291,3405,16,0.0,9.791796560902172,2.6028325435042206
11,3600.6977008904437,79.30229910955863,0.0,271,3441,8,0.0,9.230045578759475,2.589293029106442
12,3471.0150337367095,72.98496626328746,0.0,323,3445,56,0.0,9.312227937134525,2.700957045025448
13,3583.483147445686,64.51685255431201,0.0,382,3358,23,0.0,11.630094433288471,2.7071982759156494
14,3729.9578707170167,58.04212928298155,0.0,354,3434,0,0.0,11.662207365829365,2.7183121189618324
15,3668.895547572435,47.104452427563714,0.0,322,3490,24,0.0,11.35716315101867,2.565866652389426
16,3759.8623538272273,44.13764617277017,0.0,364,3468,7,0.0,11.743357169635155,2.2319441072093014
17,3668.652724660019,35.347275339978744,0.0,365,3463,31,0.0,12.614612299966623,2.5920529818231524
18,3832.177438062617,31.822561937378335,0.0,360,3504,0,0.0,12.28436329089957,2.325070538269611
19,3753.9894198407324,26.010580159263252,0.0,337,3551,27,0.0,13.735119758817634,2.5440676957409316
20,3880.375646026575,23.624353973422654,0.0,307,3597,0,0.0,14.595710436982424,2.70846062908152
21,3831.7821291654755,20.217870834523048,0.0,282,3570,0,0.0,13.961879382395411,2.51529424541993
22,3869.778284282665,18.22171571733303,0.0,267,3621,0,0.0,15.964866427479256,2.5362686729706825
23,3855.9669062112125,16.033093788785404,0.0,251,3621,0,0.0,22.842235027494894,2.3970890528386004
24,3846.3259202495055,13.674079750493272,0.0,238,3634,3,0.0,18.663562115262323,2.4514658491884243
25,3729.705759674148,10.294240325851082,0.0,212,3568,10,0.0,20.888861010013045,2.8001660568933593
26,3808.2302021165237,7.769797883475561,0.0,196,3620,0,0.0,23.756423167223215,2.6028752227111838
27,3801.5126354603094,6.487364539689516,0.0,177,3631,0,0.0,28.052245620527504,2.6327846702735744
28,3754.5082487803024,5.491751219696262,0.0,193,3567,0,0.0,21.77064969707521,2.6787546960581965
29,3752.259771244602,3.740228755398356,0.0,184,3604,8,0.0,26.31704127283611,2.8907615225125056
30,3829.1399699998647,2.860030000135011,0.0,203,3629,0,0.0,30.997092850276086,2.272850847507489
31,3781.927491583382,2.072508416617199,0.0,210,3574,0,0.0,33.32962146571044,2.4933030146206026
32,3793.977886881984,2.0221131180161307,0.0,215,3581,0,0.0,30.915853688147312,2.6474379666689796
33,3780.4731829861817,7.5268170138192945,0.0,225,3563,0,0.0,31.36361178031177,2.467002457725126
34,3844.822748116714,7.177251883286692,0.0,255,3597,0,0.0,36.03577211511791,2.526420066976207
35,3769.9708683849426,14.029131615056334,0.0,268,3516,0,0.0,27.10099759005821,2.462022573725765
36,3730.7414672998925,13.258532700106542,0.0,245,3499,0,0.0,34.48904441652602,2.6188288163649336
37,3771.140144611164,12.859855388835186,0.0,264,3520,0,0.0,41.37809189879716,2.2140220016661063
38,3823.573258865088,12.426741134911156,0.0,290,3546,0,0.0,39.432724413925314,2.4687134229900645
39,3763.7954813432407,12.204518656758385,0.0,285,3491,0,0.0,42.70883120103678,2.718146780678044
40,3820.1976343410365,11.802365658962355,0.0,270,3562,0,0.0,36.67214619367676,2.2815786811445915
41,3779.9161637881302,12.083836211869379,0.0,277,3515,0,0.0,44.19743255697055,2.251080505491869
42,3836.6390714133026,11.360928586696438,0.0,270,3578,0,0.0,40.92450998074447,2.2091040286522157
43,3840.9992275294208,11.000772470578921,0.0,270,3582,0,0.0,43.641141421108564,2.48046205695507
44,3802.281555595778,9.718444404220678,0.0,270,3542,0,0.0,56.68121137772601,2.376380881052303
45,3763.4002004609843,8.599799539014976,0.0,261,3511,0,0.0,58.81689926968411,2.636574784225318
46,3832.688717787837,7.311282212162105,0.0,253,3587,0,0.0,56.91887634199418,2.5558396542854913
47,3774.4408975797305,5.559102420268647,0.0,256,3524,0,0.0,57.72787830742798,2.605654659238062
48,3819.5418465577745,4.458153442224793,0.0,261,3563,0,0.0,84.58837445071522,2.389509881236068
49,3824.7186526423693,3.281347357630418,0.0,286,3542,0,0.0,162.10046037394827,2.5878325919498186
0,3065.351974427079,182.64802557292666,0.0,253,3747,188,0.0,3.5992813519430378,2.894349010511915
1,3568.569896167065,207.43010383294475,0.0,254,3522,0,0.0,4.229700377404714,2.4339902142714074
2,3323.7866918019154,192.21330819809253,0.0,235,3533,63,0.0,4.70108204169138,2.547637460768204
3,3573.7648469587593,202.235153041252,0.0,263,3513,0,0.0,6.578793893702805,2.3163508728144078
4,3536.175346622669,183.82465337733848,0.0,242,3478,0,0.0,6.439847394739583,2.663565895831855
5,3580.9410339920896,171.05896600791584,0.0,281,3487,4,0.0,8.089055640893667,2.2720949059801305
6,3463.2437792209266,164.75622077908062,0.0,271,3449,23,0.0,8.254580276463818,2.585223202643861
7,3231.011783643714,140.98821635629184,0.0,271,3389,72,0.0,8.57916958982595,2.6298641436596433
8,3431.394860273767,148.60513972623852,0.0,369,3343,33,0.0,10.203829505507452,2.361582458211192
9,3302.2080928874752,129.79190711252832,0.0,399,3313,70,0.0,9.960029852941117,2.300022927801203
10,3425.423831666053,118.57616833394995,0.0,412,3328,49,0.0,8.480619071636276,2.3344629049900547
11,3578.9377486901353,105.06225130986618,0.0,389,3351,14,0.0,8.021315207464305,2.544610769084805
12,3617.623142621832,94.37685737817186,0.0,441,3299,7,0.0,9.100218034357423,2.5839299099755095
13,3561.622701614634,86.37729838536772,0.0,425,3315,23,0.0,10.803988117975953,2.5886997930499454
14,3687.616241107814,76.3837588921895,0.0,446,3318,0,0.0,12.621218080814714,2.7132985781343018
15,3714.892777194712,65.10722280528961,0.0,423,3365,2,0.0,12.6738892127331,2.379652617747422
16,3223.6627209163994,52.337279083602674,0.0,444,3336,126,0.0,13.627708666434183,2.659367529177355
17,3697.333110593223,46.66688940677868,0.0,403,3429,22,0.0,15.073102718534455,2.3168928301675553
18,3254.9022660964856,37.09773390351518,0.0,424,3420,138,0.0,16.994021031673583,2.540372018986351
19,3666.06481414471,33.93518585528968,0.0,377,3487,41,0.0,17.55451770441353,2.5026212288365035
20,3830.1725599954643,29.827440004536978,0.0,360,3500,0,0.0,17.18414496796037,2.446274553037369
21,3886.4261982326493,25.573801767351387,0.0,322,3598,2,0.0,18.98668944959044,2.415632722204351
22,3814.1118804744865,21.888119525513456,0.0,297,3611,18,0.0,19.547164435921474,2.430627571888958
23,3814.8979572328326,17.10204276716691,0.0,255,3577,0,0.0,16.312483538573446,2.4438958494303034
24,3846.185633840341,13.814366159659157,0.0,222,3638,0,0.0,16.683027987271142,2.6650163437510184
25,3888.353384738929,11.646615261070426,0.0,218,3682,0,0.0,18.581712278116125,2.2736119999447846
26,3838.7430842129766,9.256915787023663,0.0,210,3638,0,0.0,21.306764508475467,2.4479423480197644
27,3800.9938700942457,7.006129905753696,0.0,190,3618,0,0.0,22.900637567454698,2.42524359890398
28,3802.791505088409,5.20849491159023,0.0,176,3632,0,0.0,26.175137743460713,2.55708217812302
29,3796.609922476194,3.390077523805154,0.0,165,3635,0,0.0,24.44217516381198,2.266800710210291
30,3785.4522871022787,2.5477128977213277,0.0,174,3614,0,0.0,21.80853051858089,2.566944807861052
31,3810.013926523693,1.9860734763065988,0.0,205,3607,0,0.0,25.21702573435373,2.54775081269324
32,3834.584547774114,1.415452225885714,0.0,214,3622,0,0.0,28.965668448133112,2.185168041568378
33,3726.9696223083497,1.0303776916502838,0.0,205,3523,0,0.0,29.24158552419585,2.531546027618334
34,3779.2456073688763,0.7543926311234171,0.0,192,3588,0,0.0,29.49282481849923,2.4943471845809047
35,3111.583286545806,0.41671345419430744,0.0,208,3552,162,0.0,35.86134291882062,2.5405803885871165
36,3767.6431893748822,0.3568106251176771,0.0,215,3553,0,0.0,41.22532061358367,2.4706956135248137
37,3811.818039402729,0.18196059727095043,0.0,217,3595,0,0.0,38.541685448325694,2.289424881671076
38,3767.87660362959,0.12339637041000907,0.0,218,3638,22,0.0,42.51500953792305,2.5071788828995785
39,3779.87660362959,0.12339637041000907,0.0,217,3563,0,0.0,50.289436346319285,2.460703861639727
40,3843.938952164004,0.06104783599568624,0.0,222,3622,0,0.0,46.41358514910808,2.5244463715369587
41,3831.938952164004,0.06104783599568624,0.0,228,3604,0,0.0,46.37176431203003,2.551563050341015
42,3843.938952164004,0.06104783599568624,0.0,219,3625,0,0.0,47.322798403790756,2.45731298942256
43,3799.938952164004,0.06104783599568624,0.0,217,3583,0,0.0,46.729366811405235,2.347155286642578
44,3871.938952164004,0.06104783599568624,0.0,209,3663,0,0.0,53.996911177174034,2.4318723105570426
45,3811.938952164004,0.06104783599568624,0.0,225,3587,0,0.0,53.68156147672993,2.608492621008434
46,3832.0,0.0,0.0,233,3599,0,0.0,60.85381524146077,2.5684737696891937
47,3856.0,0.0,0.0,220,3636,0,0.0,62.90047748450649,2.447995197006846
48,3852.0,0.0,0.0,251,3601,0,0.0,58.917560735693435,2.5621117327442446
49,3808.0,0.0,0.0,252,3556,0,0.0,76.7963813199616,2.7327729602768205
